id,question
1,Are benign brain tumors serious?
2,Are boils and carbuncles curable?
3,Are bone cysts serious?
4,Are cold sores a herpes virus?
5,Are dental abscesses serious?
6,Are dry lips a symptom of anything?
7,Are febrile seizures harmful?
8,Are fibroids serious?
9,Are floaters in eye serious?
10,Are genital warts serious?
11,Are head and neck cancers curable?
12,Are human bites more infectious than animal bites?
13,Are lipomas serious?
14,Are mouth ulcers caused by stress?
15,Are pauses in breathing normal?
16,Are phantom smells a symptom of Covid?
17,Are phantom smells normal?
18,Are pile and hemorrhoids the same?
19,Are pressure sores and pressure ulcers the same?
20,Are roundworms serious in humans?
21,Are scars permanently?
22,Are soft tissue sarcomas always malignant?
23,Are swollen ankles serious?
24,Are there any warning signs of a brain aneurysm?
25,Are there warning signs of SIDS?
26,Are tics from anxiety?
27,Are verrucas and warts the same thing?
28,At what age does Huntington\'s disease appear?
29,At what age does macular degeneration usually begin?
30,At what age does Marfan syndrome appear?
31,At what age does motor neurone disease start?
32,At what age does penile cancer occur?
33,At what age is bedwetting a problem?
34,At what age is gender dysphoria most common?
35,At what age is hearing loss normal?
36,At what age is SIDS no longer a concern?
37,At what age should a boy\'s testicles descend?
38,At what age should cataracts be removed?
39,At what age vitiligo starts?
40,At what oxygen level do your lips turn blue?
41,At what sugar level is insulin required during pregnancy?
42,At what temperature can you get hypothermia?
43,Can a baby survive after stillbirth?
44,Can a baby survive an ectopic pregnancy?
45,Can a baby survive preeclampsia?
46,Can a bone cyst be cancerous?
47,Can a bunion go away?
48,Can a chest xray show costochondritis?
49,Can a child recover from developmental delay?
50,Can a child survive stage 4 neuroblastoma?
51,Can a child\'s UTI go away on its own?
52,Can a dislocated kneecap heal on its own?
53,Can a dislocated shoulder fix itself?
54,Can a ganglion cyst go away on its own?
55,Can a heart failure be cured?
56,Can a kidney infection go away by itself?
57,Can a lump be cancer?
58,Can a lung cancer be cured?
59,Can a nasal polyp go away on its own?
60,Can a perforated eardrum heal on its own?
61,Can a person with spastic paraplegia walk?
62,Can a person with spina bifida walk?
63,Can a persons personality be changed?
64,Can a red eye be serious?
66,Can a squint eye be corrected?
68,Can a tooth abscess go away on its own?
69,Can a tooth be saved if knocked out?
70,Can acanthosis nigricans go away?
71,Can achalasia be cured?
72,Can acute pancreatitis be cured?
73,Can adults get hand-foot-and-mouth from child?
74,Can adults get mumps?
75,Can adults get slap cheek virus?
76,Can an extra rib cause problems?
77,Can an undescended testicle fix itself?
78,Can anal cancer be cured?
79,Can aortic stenosis be cured?
80,Can appendix pain come and go for days?
81,Can ataxia be cured?
82,Can autosomal dominant polycystic kidney disease be cured?
83,Can baby have both plagiocephaly and brachycephaly?
84,Can balanitis be cured?
85,Can be asthma be cured?
86,Can benign prostate turn into cancer?
87,Can bile duct cancer be cured?
88,Can bone thinning be reversed?
89,Can bowed legs be corrected?
90,Can brucellosis be cured?
92,Can bulging eyes return to normal?
93,Can cellulitis go away on its own?
94,Can CFS be cured?
95,Can chronic kidney disease be repaired?
96,Can Club foot be corrected?
97,Can coccydynia be cured?
98,Can concussion heal itself?
99,Can contact dermatitis be spread?
100,Can Covid start with a runny nose?
101,Can damaged cartilage repair itself?
102,Can dengue be cured?
103,Can diabetes cause sweating?
104,Can Diabetes Type 2 Be Cured?
105,Can diabetic retinopathy be corrected?
106,Can difficulty swallowing go away?
107,Can discoid eczema be caused by stress?
108,Can dizziness be serious?
109,Can dry eye syndrome be fixed?
110,Can Dupuytren\'s contracture go away?
111,Can earwax cause glue ear?
112,Can ectopic beats damage your heart?
113,Can ectropion fix itself?
114,Can ejaculation disorders be cured?
115,Can empyema be cured?
116,Can encephalitis be cured?
117,Can endometriosis go away?
118,Can epidermolysis bullosa be cured?
119,Can erectile dysfunction lead to impotence?
120,Can essential tremors turn into Parkinson\'s?
121,Can eye injury heal on its own?
122,Can eyesight get reduced?
123,Can fingernails show signs of illness?
124,Can flat foot be corrected?
125,Can foot drop be corrected?
126,Can gallbladder cancer be cured?
127,Can gangrene be cured?
128,Can gastritis go away on its own?
129,Can Gilbert\'s syndrome cause skin problems?
130,Can giving birth cause psychosis?
131,Can grinding teeth be cured?
132,Can gums disease be cured?
133,Can haemophilia be cured?
134,Can hair loss grow back?
135,Can head lice live in your house?
136,Can hepatitis B be cured?
137,Can high blood pressure cause blue lips?
138,Can humans survive tetanus?
139,Can humans survive with rabies?
140,Can hydrocephalus be cured?
141,Can I drive with a macular hole?
142,Can I get toxoplasmosis from my cat?
143,Can I have hirsutism without PCOS?
144,Can incontinence be cured?
145,Can inflammatory bowel disease be cured?
146,Can intracranial hypertension be cured?
147,Can keratosis pilaris be cured?
148,Can kids get growing pains in hips?
149,Can lichen planus be cured?
150,Can lipedema go away?
151,Can lipomas go cancerous?
152,Can liver disease be cured?
153,Can Lost Libido be restored?
154,Can low blood pressure cause blue lips?
155,Can low libido be fixed?
156,Can mallet finger become permanent?
157,Can metatarsalgia be reversed?
158,Can muscle wasting be reversed?
159,Can myopia be cured?
160,Can nephrotic syndrome be cured?
161,Can night sweats be serious?
162,Can oedema be serious?
163,Can osteoporosis be cured?
164,Can otitis media be cured?
165,Can overeating Make You Sick?
166,Can pelvic organ prolapse correct itself?
167,Can penile cancer be cured?
168,Can people recover from brain stem death?
169,Can period be delayed by 10 days?
170,Can phantom smells be caused by anxiety?
171,Can phimosis cause paraphimosis?
172,Can PID be cured?
173,Can pityriasis versicolor be cured?
174,Can polycystic syndrome be cured?
175,Can prostatitis be cured?
176,Can pulmonary hypertension be cured?
177,Can Q fever be cured?
178,Can rabies be cured?
179,Can retinal detachment be cured?
180,Can rheumatic fever go undiagnosed?
181,Can schistosomiasis be cured?
182,Can sepsis be cured?
183,Can SIDS Be Stopped?
184,Can someone live a normal life with epilepsy?
185,Can stress cause a nosebleed?
186,Can stress cause personality changes?
187,Can TB kills you?
188,Can thalassemia be treated?
189,Can tics be cured?
191,Can tight foreskin cause paraphimosis?
192,Can TMD be cured?
193,Can trichotillomania be cured?
194,Can trigger finger heal on its own?
195,Can urine leakage be cured?
196,Can vitiligo be treated?
197,Can white pupil be cured?
198,Can you be cured of lupus?
199,Can you cure lipedema with weight loss?
200,Can you cut off gangrene?
201,Can you fix a bunion without surgery?
202,Can you fully recover from a subdural hematoma?
203,Can you fully recover from aphasia?
204,Can you get jet lag from a 1 hour flight?
205,Can you get measles if you are vaccinated?
206,Can you get rid of genital warts?
207,Can you get rid of halitosis?
208,Can you get rid of monkeypox?
209,Can you get your memory back from amnesia?
210,Can you have a heartbeat but no pulse?
211,Can you have pancreatic cancer for years without knowing?
212,Can you have plagiocephaly and brachycephaly?
213,Can you live a long life with cardiomyopathy?
214,Can you live a long life with Lyme disease?
215,Can you live a normal life without a spleen?
216,Can you live long with hep C?
217,Can you live long with rheumatic fever?
218,Can you live with a benign tumor in your brain?
219,Can you live with undescended testicle?
220,Can you move your arm if your shoulder is dislocated?
221,Can you out exercise an unhealthy diet?
222,Can you pop a stye?
223,Can you pop an abscess?
224,Can you pop an ingrown hair?
225,Can you recover from cirrhosis?
226,Can you recover from muscle dystrophy?
227,Can you repair a non alcoholic fatty liver?
228,Can you safely remove skin tags yourself?
229,Can you skip a period and not be pregnant?
230,Can you squeeze a carbuncle?
231,Can you squeeze a salivary stone out?
232,Can you still walk with a dislocated knee?
233,Can you suddenly turn lactose intolerant?
234,Can you survive a brain abscess?
235,Can you survive a sepsis infection?
236,Can you survive an embolism?
237,Can you survive anaphylaxis?
238,Can you survive aneurysm in the brain?
239,Can you survive asbestos?
240,Can you survive dengue fever?
241,Can you survive from hypothermia?
242,Can you survive from malaria?
243,Can you survive from yellow fever?
244,Can you survive Huntington\'s disease?
245,Can you survive malignant brain cancer?
246,Can you survive ovarian cancer?
247,Can you survive silicosis?
248,Can you survive sleep paralysis?
249,Can you survive typhus?
250,Can your lungs get rid of silica?
251,Do all tongue ties cause speech problems?
252,Do anal fissures go away?
253,Do birth marks go away?
254,Do bladder stones go away?
255,Do cervical ribs need to be removed?
256,Do corns and calluses go away?
257,Do febrile seizures go away?
258,Do fibroid need to be removed?
259,Do hemorrhoid piles go away?
260,Do I have a cold sore or dry lips?
261,Do interstitial cystitis go away?
262,Do keratosis pilaris bumps go away?
263,Do mumps go away on its own?
264,Do narcoleptics sleep at night?
265,Do nodules go away?
266,Do people still get measles today?
267,Do people still get scurvy?
268,Do pilonidal sinus heal on their own?
269,Do polyps in the bowel need to be removed?
270,Do salivary gland stones go away on their own?
271,Do scars go away?
272,Do sunburns turn into a tan?
273,Do testicular cancer lumps feel hard or soft?
274,Do threadworms go away on their own?
275,Do worms go away on their own?
276,Do you still poop with gastroparesis?
277,Does a lump mean cancer?
278,Does a runny nose mean your sick?
279,Does ADHD mean you are hyper?
280,Does agitated mean angry?
281,Does anxiety cause hypochondria?
282,Does anxiety cause slurred speech?
283,Does Behcet\'s disease go away?
284,Does bladder cancer spread quickly?
285,Does blepharitis go away by itself?
286,Does blistering mean hot?
287,Does bone cancer spread quickly?
288,Does bowel cancer spread quickly?
289,Does Bowens disease spread?
290,Does change in bowel habits mean colon cancer?
291,Does club foot go away?
292,Does Covid make your lips blue?
293,Does Covid start with sneezing?
294,Does dandruff go away?
295,Does drinking water help indigestion?
296,Does dwarfism stunt growth?
297,Does dysarthria cause speech problems?
298,Does dystonia go away?
299,Does erythema multiforme ever go away?
300,Does esophageal cancer spread quickly?
301,Does flat head syndrome affect a baby\'s brain growth?
302,Does gallbladder cancer spread quickly?
303,Does Gilbert\'s syndrome affect life expectancy?
304,Does H1N1 cause swine flu?
305,Does hearing voices count as hallucinations?
306,Does HS ever go away?
307,Does hydronephrosis go away?
308,Does hypoparathyroidism cause weight gain?
309,Does ibuprofen cause Reye\'s syndrome?
310,Does jaundice go away by itself?
311,Does limp mean soft?
312,Does liver cancer spread quickly?
313,Does macular hole lead to blindness?
314,Does male thrush go away?
315,Does Meniere disease go away?
316,Does metatarsalgia ever go away?
317,Does Mortons neuroma ever go away?
318,Does muscle stiffness go away?
319,Does nausea and vomiting mean a healthy pregnancy?
320,Does nodule mean cancer?
321,Does penile cancer spread quickly?
322,Does polycystic ovaries ever go away?
323,Does polymorphic light eruption ever go away?
324,Does polymyalgia rheumatica ever go away?
325,Does pus mean infected?
326,Does pus mean infection or healing?
327,Does reactive arthritis ever go away?
328,Does regurgitate mean repeat?
329,Does regurgitate mean throw up?
330,Does Reye\'s syndrome go away?
331,Does rosacea ever go away?
332,Does SAD come from seasonal affective disorder?
333,Does scarlet fever still exist today?
334,Does short-sightedness myopia or long sightedness?
335,Does stress cause pityriasis rosea?
336,Does testicular cancer spread quickly?
337,Does tinnitus go away?
338,Does tinnitus go away?
339,Does toxoplasmosis ever go away?
340,Does typhus still exist?
341,Does unintentional weightloss mean cancer?
342,Does Vitamin D Help polymorphic light eruptions?
343,Does yellow fever still exist today?
344,How are burns different from scalds?
345,How are nodules removed?
346,How bipolar is caused?
347,How can gout go away?
348,How can I calm my anxiety?
349,How can I check my fertility?
350,How can I control my gestational sugar during pregnancy?
351,How can I ease my baby\'s colic?
352,How can I ease my baby\'s reflux?
353,How can I fix my scars?
354,How can I gain weight in 7 days?
355,How can I get fast weight loss?
356,How can I get my normal smell back?
357,How can I get pregnant with low fertility?
358,How can I get rid of floaters?
359,How can I get rid of insomnia?
360,How can I get rid of my bad breath?
361,How can I get rid of my psoriasis?
362,How can I get rid of pityriasis versicolor fast?
363,How can I get rid of swollen ankles?
364,How can I increase my sperm count?
365,How can I lose belly fat fast?
366,How can I lose weight in 10 days?
367,How can I lower my cholesterol fast?
368,How can I make my glands go down?
369,How can I make my toothache go away?
370,How can I naturally unblock my nose?
371,How can I quickly lower my blood pressure?
372,How can I recover my sex problem?
373,How can I reduce excess hair?
374,How can I reduce heavy periods?
375,How can I relieve joint pain?
377,How can I relieve muscle pain?
378,How can I relieve my foot pain?
379,How can I relieve my hand pain?
380,How can I restore libido?
381,How can I stop a toothache at night?
382,How can I stop being irritable?
383,How can I stop daily discharge?
384,How can I stop Diarrhoea?
385,How can I stop feeling dizzy?
386,How can I stop heart palpitations?
387,How can I stop itching all over my body?
388,How can I stop my body from checking health anxiety?
389,How can I stop my hair loss?
391,How can I stop my hiccups?
392,How can I stop my skin from darkening?
393,How can I stop my vision from decreasing?
394,How can I stop peeing at night?
395,How can I tell if a head injury is mild or severe?
396,How can I tell if shoulder pain is serious?
397,How can I treat my back pain?
398,How can I treat trigger finger at home?
399,How can I unblock my nose?
400,How can nose bleeding be stopped?
401,How can u stop sneezing?
402,How can vertigo go away?
403,How can you get schistosomiasis?
404,How can you prevent cataracts from getting worse?
405,How can you tell if a breast lump is cancerous?
406,How can you tell if someone has borderline personality disorder?
407,How can you tell if you have a kidney infection?
408,How can you tell if you have duodenal ulcer?
409,How can you tell if you\'re getting carbon monoxide poisoning?
410,How can you tell the difference between a cold and Covid?
411,How common is anal cancer?
412,How common is breast cancer in men?
413,How common is cancer of the bile duct?
414,How common is nasal and sinus cancer?
415,How common is nasopharyngeal cancer?
416,How common is oral mucositis?
417,How common is Phaeochromocytoma?
418,How common is vulvar cancer?
419,How contagious is CJD?
420,How contagious is Hib?
421,How Diarrhoea is caused?
422,How did I get herpes simplex keratitis?
423,How did my child get roseola?
424,How did people get tetanus?
425,How did you get hepatitis A?
426,How do adults usually get botulism?
427,How do dry eyes feel?
428,How do fibroids go away?
429,How do humans get encephalitis?
430,How do humans get listeriosis?
431,How do humans get rid of worms?
432,How do humans get roundworms?
433,How do humans get toxoplasmosis?
434,How do I calm my hypochondriac anxiety?
435,How do I change the paper size?
436,How do I check myself for worms?
437,How do I clear my itchy bum?
438,How do I cope with IBS?
439,How do I cure an ingrown toenail?
440,How do I deal with a persistent erection?
441,How do I fix my dislocated shoulder?
442,How do I fix my drooping face?
443,How do I fix my poor appetite?
444,How do I fix myopia?
445,How do I fix poor sleep?
446,How do I get gastritis to go away?
447,How do I get my acne away?
448,How do I get my constipation out?
449,How do I get my muscles to stop aching?
450,How do I get my period to stop hurting?
451,How do I get my shin splints to stop hurting?
452,How do I get my skin pigment back?
453,How do I get over my fear of social anxiety?
454,How do I get rid of a fungal infection in my nail?
455,How do I get rid of a mole?
456,How do I get rid of a sunburn fast?
457,How do I get rid of cystitis fast?
458,How do I get rid of dandruff?
459,How do I get rid of discoid eczema?
460,How do I get rid of head lice?
461,How do I get rid of impetigo?
462,How do I get rid of inflammation in my joints?
463,How do I get rid of mastitis?
464,How do I get rid of my athlete\'s foot?
465,How do I get rid of my baby\'s cradle cap?
466,How do I get rid of my headache?
467,How do I get rid of my imaginary smell?
468,How do I get rid of my ingrown hair?
469,How do I get rid of my stretch marks?
470,How do I get rid of phantosmia?
471,How do I get rid of the crust on my eyelashes?
472,How do I get rid of the pain in my heel?
473,How do I get rid of varicose eczema?
474,How do I identify a rash?
475,How do I know I have a urinary tract infection?
476,How do I know I\'ve had a miscarriage?
477,How do I know if abdominal pain is serious?
478,How do I know if I have a hemorrhoid or a fissure?
479,How do I know if I have COVID-19 or flu?
480,How do I know if I have gastritis?
481,How do I know if I have halitosis?
482,How do I know if I have hyperacusis?
483,How do I know if I have lipedema or just fat?
484,How do I know if I have pulled or torn my hamstring?
485,How do I know if I\'m lactose intolerant?
486,How do I know if I\'m narcoleptic?
487,How do I know if I\'ve got Crohn\'s disease?
488,How do I know if I\'ve got pleurisy?
489,How do I know if it\'s heartburn?
490,How do I know if my baby has oral thrush?
491,How do I know if my chest infection is viral or bacterial?
492,How do I know if my cough is serious?
493,How do I know if my dizziness is heart related?
494,How do I know if my eardrum is perforated?
495,How do I know if my foot pain is serious?
496,How do I know if my glands are up?
497,How do I know if my headache is serious?
498,How do I know if my heel pain is serious?
499,How do I know if my hip pain is serious?
500,How do I know if my jaw pain is heart related?
501,How do I know if my knee pain is serious?
502,How do I know if my nail has fungus?
503,How do I know if my shortness of breath is serious?
504,How do I know if my toothache is serious?
505,How do I know its a migraine?
506,How do I know what kind of bug bit me?
507,How do I know what type of shoulder pain I have?
508,How do I make my priapism go down?
509,How do I open a .FIT file?
510,How do I overcome erection problems?
511,How do I reduce inflammation in my joints?
512,How do I reduce swelling in my joints fast?
513,How do I relieve bloating?
514,How do I relieve indigestion?
515,How do I relieve shoulder pain?
516,How do I stop a runny nose?
517,How do I stop cramps in my legs?
518,How do I stop feeling so tired?
519,How do I stop grinding my teeth?
520,How do I stop low moods?
521,How do I stop my eyes from watering up?
522,How do I stop my hiccups?
523,How do I stop my skin being dry?
524,How do I stop obsessive thoughts?
525,How do I stop snoring?
526,How do I stop the urge to move?
527,How do I stop thinking upsetting thoughts?
528,How do I stop worrying?
529,How do I treat my stye?
530,How do I unblock my nose at night?
531,How do know if you have a tapeworm?
532,How do people deal with pain?
533,How do they repair damaged cartilage?
534,How do u catch norovirus?
535,How do u get anal cancer?
536,How do u get rid of bunions?
537,How do u know if I am dehydrated?
538,How do u know if u cancer?
539,How do u know if u got the flu?
540,How do u know if u have a thrush?
541,How do u know if u have bipolar?
542,How do u know if u have endometriosis?
543,How do u know if u have head lice?
544,How do u know if u have insomnia?
545,How do u know if u have scabies?
546,How do u know if you have whooping cough?
547,How do u lower your blood sugar?
548,How do u relieve heartburn?
549,How do ulcers go away?
550,How do you bring a child\'s fever down?
551,How do you calm a racing heart?
552,How do you catch ringworm?
553,How do you catch shingles virus?
554,How do you change the size of a shape in Word?
555,How do you check for appendicitis at home?
556,How do you check for appendicitis?
557,How do you check for mastoiditis?
558,How do you clean a sticky eye?
559,How do you clear up sinusitis?
560,How do you cure a quinsy throat?
561,How do you cure a red eye?
562,How do you cure a sore throat quickly?
563,How do you cure difficulty in speaking?
564,How do you cure nappy rash fast?
565,How do you cure oedema?
566,How do you cure restless body syndrome?
567,How do you cure shin splints fast?
568,How do you deal with a migraine?
569,How do you deal with age-related macular degeneration?
570,How do you deal with auditory hallucinations?
571,How do you deal with choking?
572,How do you deal with chronic pain mentally?
573,How do you deal with CRPS?
574,How do you deal with painful sex?
575,How do you detect endocarditis?
576,How do you diagnose muscle weakness?
577,How do you feel when you have high BP?
578,How do you feel when you have hyperthyroidism?
579,How do you feel when you have kidney stones?
580,How do you fix a cold intolerance?
581,How do you fix a dislocated knee cap?
582,How do you fix a mallet finger?
583,How do you fix a slow urine flow?
584,How do you fix binge eating?
585,How do you fix bowel incontinence?
586,How do you fix compartment syndrome?
587,How do you fix difficulty swallowing?
588,How do you fix drooping eyelids?
589,How do you fix dry eyes?
590,How do you fix dry mouth?
591,How do you fix dysphagia?
592,How do you fix erectile dysfunction?
593,How do you fix Gilbert\'s syndrome?
594,How do you fix hydronephrosis?
595,How do you fix incontinent?
596,How do you fix interstitial cystitis?
597,How do you fix irregular periods?
598,How do you fix leaking urine?
599,How do you fix losing balance?
600,How do you fix low hearing problems?
601,How do you fix metabolic syndrome?
602,How do you fix numbness?
603,How do you fix peripheral neuropathy?
604,How do you fix reactive arthritis?
605,How do you fix skin peeling?
606,How do you fix slipped disc?
607,How do you fix urinary incontinence?
608,How do you fix walking problems?
609,How do you get a MRSA infection?
610,How do you get athlete\'s foot?
611,How do you get carpal tunnel to go away?
612,How do you get Clostridium difficile?
613,How do you get embolism?
614,How do you get herpes simplex in the eye?
615,How do you get herpes simplex virus?
616,How do you get prostatitis?
617,How do you get rid of a Bartholin cyst?
618,How do you get rid of a black eye in 24 hours?
619,How do you get rid of a black eye in 3 days?
620,How do you get rid of a bone cyst?
621,How do you get rid of a chest infection?
622,How do you get rid of a frozen shoulder?
623,How do you get rid of a non alcoholic fatty liver?
624,How do you get rid of a stiff neck?
625,How do you get rid of a stomach ache in 5 minutes?
626,How do you get rid of allergic rhinitis?
627,How do you get rid of bladder stones?
628,How do you get rid of bromhidrosis?
629,How do you get rid of contact dermatitis?
630,How do you get rid of corns permanently?
631,How do you get rid of dysphoria?
632,How do you get rid of eye conjunctivitis?
633,How do you get rid of eye floaters and flashes?
634,How do you get rid of foamy urine?
635,How do you get rid of ganglion cysts?
636,How do you get rid of gritty eyes?
637,How do you get rid of hemorrhoid piles?
638,How do you get rid of jaundice in a newborn?
639,How do you get rid of jet lag fast?
640,How do you get rid of keratosis pilaris?
641,How do you get rid of lipomas?
642,How do you get rid of phlegm?
643,How do you get rid of pityriasis rosea?
644,How do you get rid of Raynaud\'s?
645,How do you get rid of ringworm quickly?
646,How do you get rid of salivary stones?
647,How do you get rid of solar keratosis?
648,How do you get rid of sticky eye infection at home?
649,How do you get rid of swollen gums at home?
650,How do you get rid of thrush in a baby\'s mouth?
651,How do you get rid of tummy aches?
652,How do you get rid of warts and verrucas fast?
653,How do you get scabies out of your body?
654,How do you get scleroderma?
655,How do you get tennis elbow to go away?
656,How do you get vaginal thrush?
657,How do you handle feeding difficulties?
658,How do you heal cracked lips?
659,How do you know if a black eye is serious?
660,How do you know if a man has thrush?
661,How do you know if bruising is serious?
662,How do you know if ear pain is serious?
663,How do you know if memory loss is serious?
664,How do you know if neck pain is serious?
665,How do you know if someone has Tourette\'s syndrome?
666,How do you know if something is wrong with your breast?
667,How do you know if you are having flashbacks?
668,How do you know if you have a low mood?
669,How do you know if you have carpal syndrome?
670,How do you know if you have ejaculation problems?
671,How do you know if you have herpes in your eye?
672,How do you know if you have herpetic whitlow?
673,How do you know if you have inflammatory bowel disease?
674,How do you know if you have prostatitis?
675,How do you know if you have wax build up in your ears?
676,How do you know if you suffer with hayfever?
677,How do you know if you\'re emotionally detached?
678,How do you know if you\'ve got quinsy?
679,How do you know if you\'ve got staph infection?
680,How do you know if you\'ve got threadworms?
681,How do you know if your baby has neonatal herpes?
682,How do you know if your baby has reflux?
683,How do you know if your bad breath is serious?
684,How do you know if your skin has thickened?
685,How do you know you had food poisoning?
686,How do you know your having an ectopic pregnancy?
687,How do you make an IO game?
688,How do you make coccydynia pain go away?
689,How do you make nasal polyps go away?
690,How do you manage thrombophilia?
691,How do you prove you have CRPS?
692,How do you relieve an earache?
694,How do you relieve jaw pain?
695,How do you relieve muscle spasms?
696,How do you relieve muscle stiffness?
697,How do you relieve swollen glands?
698,How do you remove a build up of ear wax?
699,How do you repair gum disease?
700,How do you spell discoloration in the UK?
701,How do you stabilize an unstable relationship?
702,How do you stop a cough?
703,How do you stop a headache?
704,How do you stop a watering eye?
705,How do you stop bowel incontinence naturally?
706,How do you stop cramps?
707,How do you stop hallucinations?
708,How do you stop motion sickness?
709,How do you stop night terrors?
710,How do you stop nightmares?
711,How do you stop vulvodynia flare up?
712,How do you tell if its a bite or a sting?
713,How do you tell if you have roundworms?
714,How do you treat a Baker\'s cyst behind your knee?
715,How do you treat a blister?
716,How do you treat a breast abscess?
717,How do you treat a locked joint?
718,How do you treat a rash on a baby?
719,How do you treat a scald burn?
720,How do you treat a strained hamstring?
721,How do you treat a swelling?
722,How do you treat a tooth abscess?
723,How do you treat a UTI in a child?
724,How do you treat a UTI in adults?
725,How do you treat a weak pulse?
726,How do you treat allergies?
727,How do you treat an inflamed bottom?
728,How do you treat boils and carbuncles?
729,How do you treat corns and calluses?
730,How do you treat dry eye syndrome?
731,How do you treat dry eyes naturally?
732,How do you treat dry sore lips?
733,How do you treat dystonia?
734,How do you treat eyelid problems?
735,How do you treat hypothermia?
736,How do you treat irritable hip syndrome?
737,How do you treat laryngitis?
738,How do you treat mood instability?
739,How do you treat paraphimosis and phimosis?
740,How do you treat pilonidal sinus?
741,How do you treat pityriasis versicolor?
742,How do you treat pompholyx eczema?
743,How do you treat scaly skin?
744,How do you treat skin discoloration?
745,How do you treat skin redness?
746,How do you treat thickened skin?
747,How do you treat thrush in adults mouth?
748,How do you treat white patches?
749,How does a blood clot go away?
750,How does a child get neuroblastoma?
751,How does a fibroid make you feel?
752,How does a macular hole happen?
753,How does a miscarriage happen?
754,How does a person act with psychosis?
755,How does a person get botulism?
756,How does a person get lupus?
757,How does a person get meningitis?
758,How does a person get tapeworms?
759,How does a person get threadworms?
760,How does acute bronchitis go away?
761,How does an emotionally detached person act?
762,How does anxiety affect mixing with people?
763,How does aspirin trigger Reye\'s syndrome?
764,How does breast cancer in men start?
765,How does cancer start in the body?
766,How does cancer start in the body?
767,How does dysarthria affect communication?
768,How does H1N1 affect the body?
769,How does having your spleen removed affect you?
770,How does malformation happen?
771,How does MS usually start?
772,How does paralysis feel?
773,How does prickly heat go away?
774,How does seasonal affective disorder make you feel?
775,How does sjogrens make you feel?
776,How does someone get amnesia?
777,How does subarachnoid hemorrhage lead to death?
778,How fast does nasopharyngeal cancer spread?
779,How fatal is scarlet fever?
780,How is a retinoblastoma diagnosed in a child?
781,How is bone thinning treated?
782,How is Cushing syndrome diagnosed?
783,How is Hep C contracted?
784,How is myasthenia gravis diagnosed?
785,How is tonsillitis treated?
786,How late can you get postpartum psychosis?
787,How long after minor head injury can symptoms occur?
788,How long can a person live with progressive supranuclear palsy?
789,How long can a tooth survive after being knocked out?
790,How Long Can Bell\'s palsy last?
791,How long can male menopause last?
792,How long can you have Bowens disease?
793,How long can you live with an aortic aneurysm?
794,How long can you live with cirrhosis for?
795,How long can you live with congenital heart disease?
796,How long can you live with coronary heart disease?
797,How long can you live with diverticulitis?
798,How long can you live with hyperparathyroidism?
799,How long can you live with laryngeal cancer?
800,How long can you live with lymphoedema?
801,How long can you live with spleen removed?
802,How long can you live with testicle cancer?
803,How long do flashes last for?
804,How long do genital warts Last?
805,How long do hiccups usually last?
806,How long do ingrown toenails last?
807,How long do sore throats last?
808,How long do sore throats last?
809,How long do stiff necks take to go away?
810,How long do stretch marks take to fade?
811,How long do symptoms of toxocariasis take to show?
812,How long do you live with giant cell arteritis?
813,How long does a black eye last?
814,How long does a blister take to heal?
815,How long does a blocked nose last?
816,How long does a chest infection last?
817,How long does a fever last?
818,How long does a hayfever last?
819,How long does a laryngitis last?
820,How long does a miscarriage last?
821,How long does a passed out last?
822,How long does a slipped disc take to heal?
823,How long does a typhoid fever last?
824,How long does acute bronchitis last untreated?
825,How long does blepharitis take to clear up?
826,How long does bronchitis acute last?
827,How long does cartilage injury take to heal?
828,How long does cellulitis take to go away?
829,How long does chicken pox last for?
830,How long does common cold last?
831,How long does contact dermatitis take to go away?
832,How long does croup usually last for?
833,How long does dengue usually last?
834,How long does drop foot last?
837,How long does flu take to recover?
838,How long does food poisoning last?
839,How long does genital herpes last for?
840,How long does it pneumonia last?
841,How long does it take for a brain abscess to heal?
842,How long does it take for a muscle spasm to go away?
843,How long does it take for a perforated eardrum to heal?
844,How long does it take for a polyp to turn into cancer?
845,How long does it take for a sore bottom to heal?
846,How long does it take for age-related macular degeneration to progress?
847,How long does it take for conjunctivitis to go away?
848,How long does it take for newborn jaundice to go away?
849,How long does it take to get carbon monoxide poisoning?
850,How long does it take venous thrombosis to go away?
851,How long does norovirus usually last?
852,How long does paralysis last?
853,How long does prickly heat rash last?
854,How long does Pseudomonas infection last?
855,How long does RSI take to heal?
856,How long does slapped face syndrome last?
857,How long does sticky eye last in adults?
858,How long does the vomiting and diarrhea bug last?
859,How long does your sunburn last?
860,How long is a person who has shingles contagious?
861,How long is a retinal migraine?
862,How long is it normal to have irregular periods?
863,How long is postpartum depression?
864,How long is roseola contagious for?
865,How long is too constipated?
866,How long should a hiccup last?
867,How long should hoarseness last?
868,How long should your period be late before you worry?
869,How long will a molar pregnancy last?
870,How long will a stye last?
871,How long will uveitis last?
872,How many times should I pee at night?
873,How many vomiting is normal during pregnancy?
874,How many weeks do you have to be to have a miscarriage?
875,How much unintentional weight loss is normal?
876,How much vomiting is normal for morning sickness?
877,How old is the oldest person with Huntington\'s disease?
878,How painful is a dislocated shoulder?
879,How quickly does food poisoning kick in?
880,How serious dengue is?
881,How serious is a bunion?
882,How serious is a ganglion cyst?
883,How serious is a molar pregnancy?
884,How serious is a MRSA infection?
885,How serious is a perforated eardrum?
886,How serious is a pilonidal sinus?
887,How serious is a Pseudomonas?
888,How serious is a seizure?
889,How serious is a slipped disc?
890,How serious is a staph infection?
891,How serious is a stone in the bladder?
892,How serious is a subdural hematoma?
893,How serious is a whitlow?
894,How serious is acute lymphoblastic leukemia?
895,How serious is acute pancreatitis?
896,How serious is an acoustic neuroma?
897,How serious is an aneurysm on the brain?
898,How serious is an undescended testicle?
899,How serious is aortic stenosis?
900,How serious is atrial fibrillation?
901,How serious is blepharitis?
902,How serious is bronchiectasis?
903,How serious is cancer in the liver?
904,How serious is cancer of the prostate?
905,How serious is cardiomyopathy?
906,How serious is coeliac disease?
907,How serious is Crohn disease?
908,How serious is encephalitis?
909,How serious is gallbladder cancer?
910,How serious is glandular fever?
911,How serious is gout?
912,How serious is having gallstones?
913,How serious is hematuria?
914,How serious is hemochromatosis?
915,How serious is hepatitis A?
916,How serious is IPF?
917,How serious is lichen planus?
918,How serious is melanoma skin cancer?
919,How serious is myasthenia gravis?
920,How serious is newborn jaundice?
921,How serious is NF1?
922,How serious is non alcoholic fatty liver disease?
923,How serious is non-Hodgkin\'s lymphoma?
924,How serious is pelvic organ prolapse?
925,How serious is postmenopausal bleeding?
926,How serious is pulmonary hypertension?
927,How serious is rectal bleeding?
928,How serious is septic arthritis?
929,How serious is the measles?
930,How serious is urticaria?
931,How serious is venous thrombosis?
932,How serious is von Willebrand disease?
933,How serious is whooping cough?
934,How serious is yellow fever?
935,How serious is Zika virus?
936,How should a cut or graze be cared for?
937,How should you sleep with restless legs?
938,How soon after a cut should you get a tetanus shot?
939,How soon do toxic shock syndrome symptoms appear tampon?
940,How TB is caused?
941,How Zika virus is caused?
942,Is 100.2 a fever?
943,Is 37.7 a high temperature?
944,Is a brain stem injury fatal?
945,Is a cholesteatoma cancerous?
946,Is a cleft palate life threatening?
947,Is a dental abscess an emergency?
948,Is a drooping eyelid serious?
949,Is a fast heart beat serious?
950,Is a malformation a disability?
951,Is a malignant brain tumor cancer?
952,Is a metallic taste in the mouth serious?
953,Is a molar pregnancy a baby?
954,Is a popliteal cyst the same as a Baker\'s cyst?
955,Is a priapism painful?
956,Is a quinsy life threatening?
957,Is a quinsy throat contagious?
958,Is a retinal detachment serious?
959,Is a retinal migraine an emergency?
960,Is a sore tongue anything to worry about?
961,Is a staph infection an STD?
962,Is a stye caused by stress?
963,Is a subarachnoid bleed a stroke?
964,Is a transient ischemic attack serious?
965,Is a tremor serious?
966,Is a wheeze serious?
967,Is acute cholecystitis an emergency?
968,Is acute lymphoblastic leukemia considered cancer?
969,Is Addison\'s disease curable?
970,Is Addison\'s disease fatal?
971,Is AKI life threatening?
972,Is AMD the same as macular degeneration?
973,Is an underactive thyroid serious?
974,Is angina very serious?
975,Is angioedema serious?
976,Is arrhythmia a serious heart condition?
977,Is arrhythmia same as abnormal heart beat?
978,Is atherosclerosis a serious condition?
979,Is atopic eczema curable?
980,Is bad breath curable?
981,Is balanitis is a STD?
982,Is BDD a disease?
983,Is BDD the same as body dysmorphia?
984,Is bed-wetting a psychological problem?
985,Is Behcet\'s an autoimmune disease?
986,Is Behcet\'s disease an STD?
987,Is being a hoarder a mental illness?
988,Is Bell\'s palsy caused by stress?
989,Is Bell\'s palsy like a mini stroke?
990,Is benign brain tumor curable?
991,Is benign prostate enlargement curable?
992,Is bile duct cancer considered liver cancer?
993,Is bladder cancer usually curable?
994,Is bleeding after menopause an emergency?
995,Is blood in phlegm serious?
996,Is blood in the urine serious?
997,Is Bowens disease curable?
998,Is BPD a major mental illness?
999,Is brain cancer and brain tumor the same?
1000,Is brain stem death same as brain death?
1001,Is breast abscess serious?
1002,Is breast cancer in men fatal?
1003,Is bronchiolitis a RSV?
1004,Is bronchiolitis extremely contagious?
1005,Is brucellosis contagious?
1006,Is bullous pemphigoid an autoimmune disease?
1007,Is C. diff extremely contagious?
1008,Is cancer in the kidney serious?
1009,Is cancer of the eye curable?
1010,Is cancer of the eye serious?
1011,Is cancer of the liver curable?
1012,Is cancer of the sinus curable?
1013,Is carcinoid syndrome a neuroendocrine tumor?
1014,Is carcinoid the same as NET?
1015,Is cartilage damage serious?
1016,Is cervical cancer usually curable?
1017,Is cervical cancer very serious?
1018,Is CFS a lifelong disease?
1019,Is CFS a mental illness?
1020,Is chickenpox a virus or infection?
1021,Is chickenpox an STD?
1022,Is chilblains an autoimmune disorder?
1023,Is chilblains caused by stress?
1024,Is choriocarcinoma a gestational trophoblastic disease?
1025,Is chronic kidney disease a serious illness?
1026,Is cirrhosis always fatal?
1027,Is CJD mad cow disease?
1028,Is cleft lip a disability?
1029,Is cleft lip hereditary?
1030,Is Clostridium difficile serious?
1031,Is club foot related to Down syndrome?
1032,Is clubfoot genetic?
1033,Is CMT a form of MS?
1034,Is colitis very serious?
1035,Is color deficiency and color blindness the same?
1036,Is COPD a life threatening?
1037,Is costochondritis caused by stress?
1038,Is cradle cap painful for babies?
1039,Is Crohn disease an STD?
1040,Is croup very contagious?
1041,Is CRPS considered a permanent disability?
1042,Is Cushing syndrome curable?
1043,Is Cushing syndrome serious?
1044,Is cystic fibrosis is curable?
1045,Is cystic fibrosis usually fatal?
1046,Is dandruff a fungus?
1047,Is dark urine healthy?
1048,Is DCD a form of autism?
1049,Is Delayed urination normal?
1050,Is depression a clinical issue?
1051,Is dermatomyositis the same as myositis?
1052,Is diabetes insipidus serious?
1053,Is diabetes type 1 Serious?
1054,Is Diabetes Type 2 serious?
1055,Is difficulty learning a disability?
1056,Is discoid eczema a fungal infection?
1057,Is diverticular disease serious?
1058,Is double vision a serious symptom?
1059,Is dry mouth a serious problem?
1060,Is dry mouth a serious problem?
1061,Is dyslexia a disorder or a disability?
1062,Is dyslexia a form of autism?
1063,Is dyspraxia a developmental disability?
1064,Is dystonia always Parkinson\'s?
1065,Is ectropion surgery painful?
1066,Is endometriosis a serious thing?
1067,Is epidermolysis bullosa painful?
1068,Is epilepsy very serious?
1069,Is erythema nodosum an autoimmune disease?
1070,Is erythema nodosum life threatening?
1071,Is essential tremor a progressive disease?
1072,Is every white patch is vitiligo?
1073,Is fibromyalgia a serious illness?
1074,Is flashes in eye serious?
1075,Is Flat foot a disability?
1076,Is flat head can be corrected?
1077,Is flatulence a fart?
1078,Is foot drop an emergency?
1079,Is gangrene a painful death?
1080,Is gastroparesis a serious disease?
1081,Is genital herpes serious?
1082,Is giant cell arteritis a serious condition?
1083,Is glaucoma very serious?
1084,Is glue an ear infection?
1085,Is glue ear a medical condition?
1086,Is gritty eyes a symptom of Covid?
1087,Is GTN and choriocarcinoma same?
1088,Is H1N1 the same as swine flu?
1089,"Is hand, foot, and mouth disease contagious to adults?"
1090,Is having Bell\'s palsy serious?
1091,Is head and neck cancer survival rate?
1092,Is health anxiety the same as hypochondria?
1093,Is hematuria an emergency?
1094,Is hemophilia still fatal?
1095,Is hep C an STD?
1096,Is hepatitis A a STD?
1097,Is hepatitis A is curable?
1098,Is hepatitis B very serious?
1099,Is hepatitis B virus a STD?
1100,Is hepatitis can be cured?
1101,Is hepatitis contagious?
1102,Is hepatitis very serious?
1103,Is hereditary spastic paraplegia a disability?
1104,Is hereditary spastic paraplegia a form of cerebral palsy?
1105,Is Hib a virus or bacteria?
1106,Is Hib the same as influenza B?
1107,Is hiccup good for health?
1108,Is hidradenitis suppurativa a STD?
1109,Is hoarding a mental illness?
1110,Is HS a serious disease?
1111,Is HSP a lifelong disease?
1112,Is HSP a serious illness?
1113,Is HSP and autoimmune disease?
1114,Is hydronephrosis a serious problem?
1115,Is hyperactivity a disorder?
1116,Is hyperactivity the same as ADHD?
1117,Is hyperacusis caused by anxiety?
1118,Is hypothyroidism and underactive thyroid the same?
1119,Is impetigo caused by poor hygiene?
1120,Is inflammatory bowel disease serious?
1121,Is interstitial cystitis serious?
1122,Is IPF the same as pulmonary fibrosis?
1123,Is irritability a mental illness?
1124,Is it better to have puberty early or late?
1125,Is it better to pop a blister or leave it be?
1126,Is it good for pus to come out?
1127,Is it good to cough up phlegm?
1128,Is it healthy to have stretch marks?
1129,Is it normal for a 12 year old to pee the bed?
1130,Is it normal for glands to be up?
1131,Is it normal to be confused about gender identity?
1132,Is it normal to constantly erect?
1133,Is it normal to cry a lot every day?
1134,Is it normal to have a birthmark?
1135,Is it normal to have a headache every day?
1136,Is it normal to have a weak ejaculation?
1137,Is it normal to have abnormal periods?
1138,Is it normal to have discharge everyday?
1139,Is it normal to have ectopic beats every day?
1140,Is it normal to have skin discoloration?
1141,Is it normal to have worm in your poop?
1142,Is it normal to pee every 30 minutes?
1143,Is it normal to snore every night?
1144,Is it normal to vomit with morning sickness?
1145,Is it OK to be around someone with MRSA?
1146,Is it OK to remove cradle cap?
1147,Is it true that it\'s 80 diet and 20 exercise?
1148,Is jaundice can be cured?
1149,Is jaundice very serious?
1150,Is joint hypermobility a disability?
1151,Is joint hypermobility syndrome the same as Ehlers-Danlos syndrome?
1152,Is Kawasaki disease fatal?
1153,Is kidney cancer usually curable?
1154,Is laryngeal cancer curable?
1155,Is lichen sclerosus a STD?
1156,Is lichen sclerosus cancerous?
1157,Is light sensitivity normal?
1158,Is low sex drive okay?
1159,Is Lyme disease an STD?
1160,Is Lyme disease fatal in humans?
1161,Is lymphoedema a cancer?
1162,Is malaria the deadliest disease?
1163,Is Marfan syndrome rare?
1164,Is Marfan syndrome serious?
1165,Is mastoiditis very painful?
1166,Is Meniere's disease serious?
1167,Is mesothelioma always fatal?
1168,Is mesothelioma the deadliest cancer?
1169,Is molluscum contagiosum a STD?
1170,Is molluscum contagiosum STD curable?
1171,Is molluscum super contagious?
1172,Is mood instability a mental illness?
1173,Is motor neurone disease the same as ALS?
1174,Is MS fatal multiple sclerosis?
1175,Is mucus coming out good?
1176,Is mumps contagious yes or no?
1177,Is mumps very serious?
1178,Is Munchausen syndrome a mental illness?
1179,Is muscular atrophy fatal?
1180,Is nail patella syndrome a connective tissue disorder?
1181,Is nail patella syndrome a disability?
1182,Is nappy rash a fungal infection?
1183,Is nasopharyngeal cancer curable?
1184,Is neuroblastoma cancer curable?
1185,Is NF2 a rare disease?
1186,Is NMO a terminal illness?
1187,Is NMO serious?
1188,Is non-Hodgkin\'s lymphoma cancer curable?
1189,Is numbness a serious problem?
1190,Is oesophagus cancer curable?
1191,Is oral cancer the same as mouth cancer?
1192,Is oral mouth cancer curable?
1193,Is oral thrush in adults serious?
1194,Is oral thrush in babies serious?
1195,Is oral thrush in baby painful?
1196,Is OSA life threatening?
1197,Is osteoarthritis a serious condition?
1198,Is osteoporosis and rickets the same?
1199,Is otitis externa serious?
1200,Is ovarian cancer very curable?
1201,Is PAD a serious condition?
1202,Is PAD considered heart disease?
1203,Is Paget disease of bone life threatening?
1204,Is Paget\'s disease always cancer?
1205,Is Paget\'s disease of nipple curable?
1206,Is Paget\'s disease of the breast fatal?
1207,Is PCOS and hirsutism the same?
1208,Is peeling skin a good thing?
1209,Is peeling skin serious?
1210,Is penile cancer life threatening?
1211,Is pericarditis life-threatening?
1212,Is pericarditis linked to Covid?
1213,Is peripheral neuropathy serious?
1214,Is pheochromocytoma always cancerous?
1215,Is phimosis and paraphimosis the same?
1216,Is PID always sexually transmitted?
1217,Is pityriasis rosea an STD?
1218,Is pityriasis rosea something to worry about?
1219,Is PMR an autoimmune disorder or not?
1220,Is pneumonia very serious?
1221,Is polycystic kidney disease autosomal dominant or recessive?
1222,Is polycystic kidney disease dominant or recessive?
1223,Is polycythaemia a cancer?
1224,Is polycythemia a serious illness?
1225,Is polymorphous light eruption autoimmune?
1226,Is pompholyx dyshidrotic eczema contagious?
1227,Is pre-diabetes type 2 need to eyes exam?
1228,Is prostate cancer very curable?
1229,Is prostatitis an STD?
1230,Is psoriatic arthritis worse than rheumatoid arthritis?
1231,Is PSP worse than Parkinson\'s?
1232,Is pyoderma gangrenosum an autoimmune disease?
1233,Is pyoderma gangrenosum life threatening?
1234,Is Q fever serious?
1235,Is Raynaud\'s an autoimmune disorder?
1236,Is reactive arthritis same as rheumatoid arthritis?
1237,Is reduced sense of smell a Covid symptom?
1238,Is retinoblastoma a childhood cancer?
1239,Is Rett syndrome a form of autism?
1240,Is Rett syndrome fatal?
1241,Is rosacea a serious problem?
1242,Is roseola contagious to adults?
1243,Is rubella serious in adults?
1244,Is rubella the same as measles?
1245,Is sarcoidosis a serious condition?
1246,Is sarcoidosis an autoimmune disease?
1247,Is scarlet fever really contagious?
1248,Is scleroderma a form of lupus?
1249,Is scurvy curable?
1250,Is scurvy life threatening?
1251,Is seasonal depression the same as SAD?
1252,Is short-sightedness myopia?
1253,Is sickle cell anemia a serious disease?
1254,Is silicosis a lung cancer?
1255,Is Sjogren\'s disease serious?
1256,Is sleep apnea the same as OSA?
1257,Is sleep paralysis harmful?
1258,Is slurred speech a stroke?
1259,Is slurred speech serious?
1260,Is snoring unhealthy?
1261,Is sour a smell or taste?
1262,Is squint lazy eye?
1263,Is stomach cancer usually fatal?
1264,Is sudden blurred vision an emergency?
1265,Is sudden confusion an emergency?
1266,Is synesthesia a mental disorder?
1267,Is TBE the same as Lyme disease?
1268,Is TBE treatable?
1269,Is temporal arteritis life threatening?
1270,Is testicular cancer usually fatal?
1271,Is thalassemia a serious disease?
1272,Is the movie Whiplash a true story?
1273,Is there a cure for recessive polycystic kidney disease?
1274,Is there a cure for spinal muscle atrophy?
1275,Is there a difference between broken and fractured bone?
1276,Is there a way to fix low sperm count?
1277,Is thyroid cancer typically a fatal cancer?
1278,Is thyroid cancer very curable?
1279,Is tingling normal?
1280,Is TMD a serious problem?
1281,Is TMJ and TMD the same?
1282,Is tongue-tie surgery necessary?
1283,Is tonsillitis serious?
1284,Is toxocariasis curable?
1285,Is trichotillomania an anxiety disorder?
1286,Is trichotillomania an OCD or anxiety?
1287,Is trigger finger a form of arthritis?
1288,Is tuberous sclerosis serious?
1289,Is Typhoid still around today?
1290,Is urine leakage a serious problem?
1291,Is uveitis an autoimmune disease?
1292,Is uveitis permanently curable?
1293,Is varicose eczema serious?
1294,Is vasculitis a serious disease?
1295,Is vertigo a serious thing?
1296,Is vestibular schwannoma serious?
1297,Is vomiting blood a life threatening emergency?
1298,Is von Willebrand disease the same as hemophilia?
1299,Is vulval cancer fatal?
1300,Is walking good for heel pain?
1301,Is Weil\'s disease the same as leptospirosis?
1302,Is white patches are curable?
1303,Is Whitlow finger a STD?
1304,Is worry and anxiety same?
1305,Is Zika still a concern in 2022?
1306,Should diabetics get eye exams?
1307,Should I be worried about light sensitivity?
1308,Should I be worried if I lost my sense of smell?
1309,Should I be worried if my period is irregular?
1310,Should I be worried my period is 5 days late?
1311,Should I go to the doctor if it hurts to pee?
1312,Should I worry about flat head?
1313,Should I worry about polyps in colon?
1314,Should skin tags be removed?
1315,Should you debride pyoderma gangrenosum?
1316,Should you get TBE vaccine?
1317,Should you squeeze pus out?
1318,Should you stay home with laryngitis?
1319,Should you take vitamin D if you have hyperparathyroidism?
1320,What 2 symptoms are typical of brucellosis?
1321,What a wheeze sounds like?
1322,What actually causes heart failure?
1323,What age do Tourette\'s symptoms begin?
1324,What age does Parkinsons start?
1325,What age is considered delayed puberty?
1326,What age is male menopause?
1327,What aggravates frozen shoulder?
1328,What aggravates Morton\'s neuroma?
1329,What am I if I identify as both male and female?
1330,What animal bites humans the most?
1331,What animals float in sea and stings?
1332,What are 1st signs of lung cancer?
1333,What are 2 problems related to menstruation?
1334,What are 2 symptoms of botulism?
1335,What are 2 warning signs of dehydration?
1336,What are 3 causes of erythema?
1337,What are 3 causes of hiccups?
1338,What are 3 causes of PID?
1339,What are 3 causes of weight gain?
1340,What are 3 early signs of cerebral palsy?
1341,What are 3 possible signs of difficulty breathing?
1342,What are 3 signs of a concussion?
1343,What are 3 signs of ADHD?
1344,What are 3 signs of constipation?
1345,What are 3 signs of heat exhaustion being too hot?
1346,What are 3 symptoms of a heat stroke?
1347,What are 3 symptoms of acute epiglottitis?
1348,What are 3 symptoms of chickenpox?
1349,What are 3 symptoms of clinical depression?
1350,What are 3 symptoms of genital warts?
1351,What are 3 symptoms of hyperthyroidism?
1352,What are 3 symptoms of IBS?
1353,What are 3 symptoms of meningitis?
1354,What are 3 symptoms of psoriasis?
1355,What are 3 symptoms of ringworm?
1356,What are 3 symptoms of scurvy?
1357,What are 3 symptoms of social anxiety?
1358,What are 3 symptoms of trichotillomania?
1359,What are 3 things that can cause eating disorders?
1360,What are 3 things that can cause SIDS?
1361,What are 3 treatment options for incontinence?
1362,What are 3 types of fatigue?
1363,What are 3 Types of joint disorders?
1364,What are 3 types of muscular dystrophy?
1365,What are 3 types of strokes?
1366,What are 3 warning signs of lung cancer?
1367,What are 3 warning signs of schizophrenia?
1368,What are 4 causes of female infertility?
1369,What are 4 causes of obesity?
1370,What are 4 characteristics of anorexia nervosa?
1371,What are 4 common triggers for anaphylaxis?
1372,What are 4 potential causes of dysphagia?
1373,What are 4 signs of malnutrition?
1374,What are 4 symptoms of hypoglycemia?
1375,What are 4 symptoms of Marfan syndrome?
1376,What are 4 symptoms of sleep apnea?
1377,What are 4 types of hydrocephalus?
1378,What are 4 types of moles?
1379,What are 4 types of urinary incontinence?
1380,What are 4 warning signs of a heart attack?
1381,What are 5 causes of anxiety?
1382,What are 5 causes of chest pain?
1383,What are 5 causes of tuberculosis?
1384,What are 5 characteristics of dyslexia?
1385,What are 5 common causes of muscle cramps?
1386,What are 5 common symptoms of septic shock?
1387,What are 5 disorders of ASD?
1388,What are 5 effects of lack of sleep?
1389,What are 5 effects of malnutrition?
1390,What are 5 factors that affect body image?
1391,What are 5 impulsive behaviors examples?
1392,What are 5 main causes of hunger?
1393,What are 5 of the main symptoms of OCD?
1394,What are 5 signs of an eye injury?
1395,What are 5 signs of bacterial meningitis?
1396,What are 5 signs of oral cancer?
1397,What are 5 symptoms of anemia?
1398,What are 5 symptoms of anxiety?
1399,What are 5 symptoms of muscular dystrophy?
1400,What are 5 symptoms of osteoporosis?
1401,What are 5 symptoms of rosacea?
1402,What are 5 symptoms of Tourette\'s?
1403,What are 5 warning signs of bulimia?
1404,What are 5 warning signs of testicular cancer?
1405,What are 6 causes of obesity?
1406,What are 6 common non cardiac causes of chest pain?
1407,What are 7 different joint disorders?
1408,What are 7 symptoms of ADHD?
1409,What are 8 common nail disorders?
1410,What are ADHD behaviors?
1411,What are behavioral problems in adults?
1412,What are behavioral problems in children?
1413,What are body lumps?
1414,What are characteristics of Paget\'s disease?
1415,What are dexterity issues?
1416,What are different teeth problems?
1417,What are different types of tremors?
1418,What are disturbed thoughts?
1419,What are examples of antisocial behavior?
1420,What are examples of compulsive behaviors?
1421,What are examples of confused?
1422,What are examples of developmental delays?
1423,What are examples of disorganized thoughts?
1424,What are examples of intrusive thoughts?
1425,What are examples of irregular periods?
1426,What are examples of poisoning?
1427,What are examples of problem Behaviours?
1428,What are examples of psychosis?
1429,What are examples of social phobias?
1430,What are examples of spots?
1431,What are examples of weaknesses?
1432,What are feeding difficulties in babies?
1433,What are first meningitis symptoms?
1434,What are FITS files?
1435,What are FITS socks made of?
1436,What are four common oral problems?
1437,What are four symptoms of cystitis?
1438,What are fractures?
1439,What are GORD symptoms?
1440,What are HSP symptoms?
1441,What are itch.io games?
1442,What are lactose intolerant foods?
1443,What are listeriosis symptoms?
1444,What are mental health conditions?
1445,What are muscle aches signs of?
1446,What are nightmares trying to tell you?
1447,What are obsessive thoughts examples?
1448,What are pressure sores caused by?
1449,What are pressures sores?
1450,What are signs and symptoms of a UTI in adults?
1451,What are signs of a high blood sugar?
1452,What are signs of a serious head injury?
1453,What are signs of anger issues?
1454,What are signs of gender dysphoria?
1455,What are some bad smells?
1456,What are some causes of chronic kidney disease?
1457,What are some disorders of sexual development?
1458,What are some symptoms of feeding problems?
1459,What are some walking disorders?
1460,What are swollen ankles a symptom of?
1461,What are symptoms of bladder stones?
1462,What are testicular cancer lumps like?
1463,What are the 10 early signs of dementia?
1464,What are the 10 most common childhood illnesses?
1465,What are the 10 most common illnesses?
1466,What are the 10 personality disorders?
1467,What are the 10 signs of low blood pressure?
1468,What are the 10 types of mental disorders?
1469,What are the 12 signs of breast cancer?
1470,What are the 1st signs of Hep C?
1471,What are the 1st signs of menopause?
1472,What are the 2 most common metabolic diseases?
1473,What are the 2 significant signs of psychosis?
1474,What are the 3 causes of gallstones?
1475,What are the 3 causes of infection?
1476,What are the 3 common causes of chest pain?
1477,What are the 3 components of dyspraxia?
1478,What are the 3 components of metabolic syndrome?
1479,What are the 3 early signs of preeclampsia?
1480,What are the 3 early warning signs of kidney disease?
1481,What are the 3 examples of nail disorders?
1482,What are the 3 main causes of anemia?
1483,What are the 3 main causes of atherosclerosis?
1484,What are the 3 main characteristics of ASD?
1485,What are the 3 main symptoms of ADHD?
1486,What are the 3 main types of age-related cataract?
1487,What are the 3 main types of head injury?
1488,What are the 3 major criteria of toxic shock syndrome?
1489,What are the 3 major joint disorders?
1490,What are the 3 most common causes of abdominal aneurysms?
1491,What are the 3 most common causes of botulism?
1492,What are the 3 Most common signs of breast cancer?
1493,What are the 3 phases of ARDS?
1494,What are the 3 signs and symptoms of a febrile convulsion?
1495,What are the 3 stages of AKI?
1496,What are the 3 stages of alcoholic liver disease?
1497,What are the 3 stages of atherosclerosis?
1498,What are the 3 stages of CRPS?
1499,What are the 3 stages of hypothermia?
1500,What are the 3 stages of iron deficiency?
1501,What are the 3 stages of Lyme disease?
1502,What are the 3 stages of menopause?
1503,What are the 3 stages of MND?
1504,What are the 3 stages of septic shock?
1505,What are the 3 stages of whooping cough?
1506,What are the 3 symptoms of sepsis?
1507,What are the 3 symptoms of sinusitis?
1508,What are the 3 types of abdominal pain?
1509,What are the 3 types of achalasia?
1510,What are the 3 types of anger?
1511,What are the 3 types of angina?
1512,What are the 3 types of aphasia?
1513,What are the 3 types of asthma?
1514,What are the 3 types of ataxia?
1515,What are the 3 types of broken bones?
1516,What are the 3 types of bronchiectasis?
1517,What are the 3 types of cardiomyopathy?
1518,What are the 3 types of choking?
1519,What are the 3 types of coronary heart disease?
1520,What are the 3 types of delirium?
1521,What are the 3 types of delusions?
1522,What are the 3 types of falls?
1523,What are the 3 types of hearing loss?
1524,What are the 3 types of hemochromatosis?
1525,What are the 3 types of hemophilia?
1526,What are the 3 types of hyperparathyroidism?
1527,What are the 3 types of IBS?
1528,What are the 3 types of infertility?
1529,What are the 3 types of insomnia?
1530,What are the 3 types of jaundice?
1531,What are the 3 types of lesions?
1532,What are the 3 types of migraines?
1533,What are the 3 types of osteoporosis?
1534,What are the 3 types of pain?
1535,What are the 3 types of personality disorders?
1536,What are the 3 types of poison?
1537,What are the 3 types of psychosis?
1538,What are the 3 types of rheumatoid arthritis?
1539,What are the 3 types of scars?
1540,What are the 3 types of sleep apnea?
1541,What are the 3 types of strains and sprains?
1542,What are the 3 types of the brain tumor?
1543,What are the 3 types of tics?
1544,What are the 3 types of ulcer?
1545,What are the 3 types of urinary catheters?
1546,What are the 3 types of vitiligo?
1547,What are the 3 warning signs of fainting?
1548,What are the 3 wind types?
1549,What are the 4 causes of a stroke?
1550,What are the 4 D\'s of epiglottitis?
1551,What are the 4 grades of pressure sores?
1552,What are the 4 levels of hearing loss?
1553,What are the 4 main causes of hunger?
1554,What are the 4 main symptoms of COPD?
1555,What are the 4 main symptoms of heat exhaustion?
1556,What are the 4 main symptoms of sinusitis?
1557,What are the 4 main types of dementia?
1558,What are the 4 main types of developmental disorders?
1559,What are the 4 major symptoms of sickle cell anemia?
1560,What are the 4 most common anxiety conditions?
1561,What are the 4 signs of respiratory distress?
1562,What are the 4 stages of bipolar?
1563,What are the 4 stages of cirrhosis?
1564,What are the 4 stages of dysphagia?
1565,What are the 4 stages of HIV?
1566,What are the 4 stages of hypertension?
1567,What are the 4 stages of IPF?
1568,What are the 4 stages of menopause?
1569,What are the 4 stages of PAD?
1570,What are the 4 stages of PSP?
1571,What are the 4 stages of sarcoidosis?
1572,What are the 4 stages of TB?
1573,What are the 4 symptoms of tendonitis?
1574,What are the 4 types of bone fractures?
1575,What are the 4 types of burns?
1576,What are the 4 types of color blindness?
1577,What are the 4 types of cough?
1579,What are the 4 types of delusions?
1580,What are the 4 types of epilepsy?
1581,What are the 4 types of eye injuries?
1582,What are the 4 types of headaches?
1583,What are the 4 types of hearing loss?
1584,What are the 4 types of incontinence?
1585,What are the 4 types of infections?
1586,What are the 4 types of lactose intolerance?
1587,What are the 4 types of learning disabilities?
1588,What are the 4 types of lupus?
1589,What are the 4 types of malnutrition?
1590,What are the 4 types of palliative care?
1591,What are the 4 types of reading difficulties?
1592,What are the 4 types of seizures?
1593,What are the 4 types of sprains?
1594,What are the 4 types of strokes?
1595,What are the 4 types of swelling?
1596,What are the 4 types of thalassemia?
1597,What are the 4 types of ulcers?
1598,What are the 5 categories of mental health conditions?
1599,What are the 5 common nail problems?
1600,What are the 5 communication disorders?
1601,What are the 5 developmental disabilities?
1602,What are the 5 hallucinations?
1603,What are the 5 main allergies?
1604,What are the 5 main symptoms of Zika?
1605,What are the 5 main types of congenital heart disease?
1606,What are the 5 major criteria in diagnosing rheumatic fever?
1607,What are the 5 mood disorders?
1608,What are the 5 most common causes of appendicitis?
1609,What are the 5 most common childhood diseases?
1610,What are the 5 most common dental problems?
1611,What are the 5 most common sport injuries?
1612,What are the 5 most common symptoms of kidney stones?
1613,What are the 5 priorities of end-of-life care?
1614,What are the 5 signs of compartment syndrome?
1615,What are the 5 signs of food poisoning?
1616,What are the 5 signs of PTSD?
1617,What are the 5 steps if someone is choking?
1618,What are the 5 symptoms of anaphylaxis?
1619,What are the 5 symptoms of dehydration?
1620,What are the 5 symptoms of Ebola?
1621,What are the 5 symptoms of high blood pressure?
1622,What are the 5 symptoms of liver disease?
1623,What are the 5 types of discharge?
1624,What are the 5 types of learning disabilities?
1625,What are the 5 types of paralysis?
1626,What are the 5 types of rashes?
1627,What are the 5 types of speech sound disorders?
1628,What are the 5 types of temperature?
1629,What are the 5 warning signs of breast cancer?
1630,What are the 5 warning signs of cervical cancer?
1631,What are the 5 warning signs of melanoma?
1632,What are the 5 warning signs of prostate cancer?
1633,What are the 6 cardinal signs of compartment syndrome?
1634,What are the 6 common behavioral disorder?
1635,What are the 6 common nail diseases?
1636,What are the 6 signs of anorexia nervosa?
1637,What are the 6 signs of hypoglycemia?
1638,What are the 6 types of dysarthria?
1639,What are the 7 allergy symptoms?
1640,What are the 7 barriers to communication?
1641,What are the 7 common athletic injuries?
1642,What are the 7 different skin lesions?
1643,What are the 7 major mental disorders?
1644,What are the 7 most common cancers?
1645,What are the 7 signs of fibromyalgia?
1646,What are the 7 symptoms of a heart attack?
1647,What are the 7 types of color blindness?
1648,What are the 7 types of headaches?
1649,What are the 9 signs and symptoms of high blood sugar?
1650,What are the 9 symptoms of ADHD?
1651,What are the 9 symptoms of OCD?
1652,What are the 9 types of injuries?
1653,What are the biggest factors of postnatal depression?
1654,What are the causes of communication difficulties?
1655,What are the causes of jaundice in a newborn?
1656,What are the causes of skin rashes in babies?
1657,What are the chances of getting silicosis?
1658,What are the chances of surviving a malignant brain tumor?
1659,What are the common oral and dental problems?
1660,What are the common problems of each development?
1661,What are the common reading difficulties?
1662,What are the congenital heart diseases?
1663,What are the different types of birthmarks?
1664,What are the different types of lumps?
1665,What are the early signs of pancreas problems?
1666,What are the early signs of sepsis?
1667,What are the early signs of spinal muscular atrophy?
1668,What are the early warning signs of a pulmonary embolism?
1669,What are the early warning signs of Crohn\'s disease?
1670,What are the early warning signs of osteoporosis?
1671,What are the effects of communication difficulties?
1672,What are the effects of Rh disease?
1673,What are the first signs of a frozen shoulder?
1674,What are the first signs of a seizure?
1675,What are the first signs of anaphylactic shock?
1676,What are the first signs of arthritis in your hands?
1677,What are the first signs of asbestosis?
1678,What are the first signs of breast cancer in women?
1679,What are the first signs of eye cancer?
1680,What are the first signs of having dementia?
1681,What are the first signs of having gallstones?
1682,What are the first signs of hoarding?
1683,What are the first signs of kidney cancer?
1684,What are the first signs of memory loss?
1685,What are the first signs of MRSA?
1686,What are the first signs of myositis?
1687,What are the first signs of norovirus?
1688,What are the first signs of oesophagus cancer?
1689,What are the first signs of passing a kidney stone?
1690,What are the first signs of PSP?
1691,What are the first signs of Raynaud\'s disease?
1692,What are the first signs of tinnitus?
1693,What are the first signs of vertigo?
1694,What are the first signs of womb cancer?
1695,What are the first signs that glaucoma is developing?
1696,What are the first symptoms of glandular fever?
1697,What are the first symptoms of Paget\'s disease of the breast?
1698,What are the first warning signs of asthma?
1699,What are the first warning signs of pneumonia?
1700,What are the first warning signs of stomach cancer?
1701,What are the five early signs of schizophrenia?
1702,What are the five symptoms of carpal tunnel syndrome?
1703,What are the five symptoms of RSI?
1704,What are the four stages of diabetic retinopathy?
1705,What are the four stages of fibromyalgia?
1706,What are the four stages of peripheral neuropathy?
1707,What are the four symptoms of iron deficiency?
1708,What are the four types of bowel incontinence?
1709,What are the four types of diarrhea?
1710,What are the four types of diarrhea?
1711,What are the four types of dissociative disorders?
1712,What are the late signs of bowel cancer?
1713,What are the long term effects of not having a spleen?
1714,What are the main causes of angina?
1715,What are the main causes of carpal tunnel?
1716,What are the main causes of COPD?
1717,What are the main causes of gastroparesis?
1718,What are the main causes of palpitations?
1719,What are the main causes of Parkinson\'s disease?
1720,What are the main causes of thrush?
1721,What are the main causes of ulcerative colitis?
1722,What are the main causes of vasculitis?
1723,What are the main childhood illnesses?
1724,What are the main dental problems?
1725,What are the main symptoms of Munchausen\'s syndrome?
1726,What are the major symptoms of SAD?
1727,What are the most common dental problems?
1728,What are the most common joint disorders?
1729,What are the most common rashes in children?
1730,What are the most common sex problems?
1731,What are the most common symptoms of dry eyes syndrome?
1732,What are the names of the eating disorders?
1733,What are the noises you hear everyday?
1734,What are the problems in periods?
1735,What are the seven symptoms of PTSD?
1736,What are the significant signs of nephrotic syndrome?
1737,What are the signs and symptoms of a neuroma?
1738,What are the signs and symptoms of cholesteatoma?
1739,What are the signs and symptoms of Exophthalmos?
1740,What are the signs and symptoms of parathyroid disease?
1741,What are the signs and symptoms of postmenopausal bleeding?
1742,What are the signs and symptoms Tay-Sachs disease?
1743,What are the signs of a serious dental problem?
1744,What are the signs of a speech problem?
1745,What are the signs of abnormal period?
1746,What are the signs of alcohol related liver damage?
1747,What are the signs of anal cancer?
1748,What are the signs of angioedema?
1749,What are the signs of arthritis in your feet?
1750,What are the signs of brain infection?
1751,What are the signs of breast cancer in a man?
1752,What are the signs of eye cancer in children?
1753,What are the signs of having a blood clot?
1754,What are the signs of leptospirosis?
1755,What are the signs of lymphoedema?
1756,What are the signs of oral thrush in adults?
1757,What are the signs of rabies in humans?
1758,What are the signs of stillbirth?
1759,What are the signs of swallowing difficulties?
1760,What are the six signs of carbon monoxide poisoning?
1761,What are the stages of mucositis?
1762,What are the stages of osteomyelitis?
1763,What are the steps of insertion of urinary catheterization?
1764,What are the symptoms of a bone cyst?
1765,What are the symptoms of a damaged coccyx?
1766,What are the symptoms of a knocked out tooth?
1767,What are the symptoms of a limp?
1768,What are the symptoms of a mastoid?
1769,What are the symptoms of a tumor in your brain?
1770,What are the symptoms of being Coeliac?
1771,What are the symptoms of being drowsy?
1772,What are the symptoms of binge?
1773,What are the symptoms of bowel polyps?
1774,What are the symptoms of breast abscess?
1775,What are the symptoms of cuts and grazes?
1776,What are the symptoms of difficulty walking?
1777,What are the symptoms of low libido?
1778,What are the symptoms of muscle wasting?
1779,What are the symptoms of neurofibromatosis 2?
1780,What are the symptoms of osteomalacia?
1781,What are the symptoms of palpitations?
1782,What are the symptoms of pemphigus vulgaris?
1783,What are the symptoms of PID in female?
1784,What are the symptoms of polycystic ovarian syndrome?
1785,What are the symptoms of poor concentration?
1786,What are the symptoms of poor sleep?
1787,What are the symptoms of rhesus disease?
1788,What are the symptoms of sinus cancer?
1789,What are the symptoms of stopping periods?
1790,What are the symptoms of synesthesia?
1791,What are the symptoms of thought disorder?
1792,What are the symptoms of tick-borne encephalitis?
1793,What are the synonyms for limp?
1794,What are the three basic types of speech impairments?
1795,What are the three causes of hydrocephalus?
1796,What are the three stages of empyema?
1797,What are the three stages of Meniere\'s disease?
1798,What are the three types of bruises?
1799,What are the three types of developmental delays?
1800,What are the three types of dwarfism?
1801,What are the three types of memory loss?
1802,What are the three types of vomiting?
1803,What are the top 10 learning disabilities?
1804,What are the top 10 sports injuries?
1805,What are the top 10 symptoms of fibromyalgia?
1806,What are the top 10 Weaknesses?
1807,What are the top 3 congenital heart diseases?
1808,What are the top 5 learning difficulties?
1809,What are the top 5 learning disabilities?
1810,What are the traits of someone with a personality disorder?
1811,What are the two 2 main triggers for diabetic ketoacidosis?
1812,What are the two early signs of gum disease?
1813,What are the two major types of joint disorders?
1814,What are the two symptoms of rickets?
1815,What are the two types of thirst?
1817,What are the types of breast pain?
1818,What are the types of joint disorders?
1819,What are the types of malformation?
1820,What are the typical signs and symptoms of ARDS?
1821,What are the usual symptoms of the common cold?
1822,What are the warning signs of amyloidosis?
1823,What are the warning signs of an embolism?
1824,What are the warning signs of angina?
1825,What are the warning signs of aphasia?
1826,What are the warning signs of arteriosclerosis?
1827,What are the warning signs of atrial fibrillation?
1828,What are the warning signs of bladder cancer?
1829,What are the warning signs of C. diff?
1830,What are the warning signs of coronary heart disease?
1831,What are the warning signs of diabetic retinopathy?
1832,What are the warning signs of endocarditis?
1833,What are the warning signs of gum disease?
1834,What are the warning signs of hypoglycemia?
1835,What are the warning signs of pulmonary hypertension?
1836,What are the warning signs of thyroid cancer?
1837,What are the warning signs of vulvar cancer?
1838,What are thinking abnormalities?
1839,What are three 3 risk factors for glomerulonephritis?
1840,What are three common symptoms of sleep paralysis?
1841,What are three common types of disordered eating?
1842,What are three signs of an insect sting?
1843,What are three signs of bulimia?
1844,What are three signs of diabetic ketoacidosis?
1845,What are three symptoms of norovirus?
1846,What are three types of paralysis?
1847,What are two conditions that cause polycythemia?
1848,What are two definitions of wind?
1849,What are usually the first signs of MS?
1850,What are usually the first signs of rheumatoid arthritis?
1851,What are warning signs of BDD?
1852,What are warning signs of hemochromatosis?
1853,What are you lacking if you bruise easily?
1854,What are you lacking when you have a metallic taste in your mouth?
1855,What autoimmune disease causes hypoparathyroidism?
1856,What bacteria causes brucellosis?
1857,What bulimia does to your body?
1858,What can a podiatrist do for metatarsalgia?
1859,What can a stiff neck be a symptom of?
1860,What can an overactive thyroid cause?
1861,What can be misdiagnosed as growing pains?
1862,What can be mistaken for erythema multiforme?
1863,What can be mistaken for nappy rash?
1864,What can be mistaken for narcolepsy?
1865,What can cause a feeling of pressure in the ear?
1866,What can cause a lump in your balls?
1867,What can cause abnormal periods?
1868,What can cause abnormal sexual development?
1869,What can cause decreased sense of smell?
1870,What can cause difficulty walking?
1871,What can cause double vision to come and go?
1872,What can cause drowsy?
1873,What can cause female pelvic pain?
1874,What can cause hallucinations and hearing voices?
1875,What can cause lack of appetite?
1876,What can cause limp?
1877,What can cause pain in the hip area of a woman?
1878,What can cause pain when urinating?
1879,What can cause person to pass out?
1880,What can cause speech problems in adults?
1881,What can cause thickened skin?
1882,What can cause tics?
1883,What can cause your joints to lock up?
1884,What can I do to relieve knee pain?
1885,What can mucus look like?
1886,What can nightmares cause?
1887,What can slurred speech indicate?
1888,What can suddenly cause low blood pressure?
1889,What can trigger CFS?
1890,What can trigger night sweats?
1891,What can trigger reflux in babies?
1892,What cause atopic eczema?
1893,What cause low sex drive in females?
1894,What causes a abscess?
1895,What causes a Baker\'s cyst to flare up?
1896,What causes a blur vision?
1897,What causes a child to limp?
1898,What causes a lot of flatulence?
1899,What causes a man to have a constant erection?
1900,What causes a pause in breathing?
1901,What causes a period to be irregular?
1902,What causes a person to faint?
1903,What causes a person to get blood clots?
1904,What causes a person to get pneumonia?
1905,What causes a person to hallucinate?
1906,What causes a person to have difficulty walking?
1907,What causes a person to hoard?
1908,What causes a squint in the eye?
1909,What causes a stopped period?
1910,What causes abnormal arrhythmia?
1911,What causes abscesses in breast?
1912,What causes acanthosis nigricans?
1913,What causes adults to get oral thrush?
1914,What causes an ingrown toenail?
1915,What causes an red eye?
1916,What causes antisocial personality?
1917,What causes autosomal dominant polycystic kidney disease?
1918,What causes back pain in females?
1919,What causes bad smell in nose?
1920,What causes being wheezy?
1921,What causes benign prostate enlargement?
1922,What causes blood pressure high?
1923,What causes blue in cyanosis?
1924,What causes bowed legs in adults?
1925,What causes choriocarcinoma cancer?
1926,What causes coeliac disease?
1927,What causes cracks in lips?
1928,What causes cramp in legs in bed?
1929,What causes cramps in legs at night?
1930,What causes crusty eyelashes in the morning?
1931,What causes dandruff and how do you get rid of it?
1932,What causes decreased hearing?
1933,What causes delay in urinating?
1934,What causes delirium and confusion?
1935,What causes difficult in reading?
1936,What causes difficulties in speaking?
1937,What causes difficulty in feeding?
1938,What causes difficulty in learning?
1939,What causes disordered thought?
1940,What Causes dysphagia swallowing?
1941,What causes Ebola virus disease?
1942,What causes emotional detachment?
1943,What causes excessive hair in females?
1944,What causes eye bulging in graves?
1945,What causes eyelids to droop?
1946,What causes eyes to bulge with hyperthyroidism?
1947,What causes eyes to turn white?
1948,What causes face to collapse?
1949,What causes fatty liver disease in non alcoholics?
1950,What causes foamy urine besides protein?
1951,What causes gastro-oesophageal reflux disease GORD?
1952,What causes getting skin tags?
1953,What causes giant cell temporal arteritis?
1954,What causes haemochromatosis?
1955,What causes head lice to begin?
1956,What causes heart to beat fast?
1957,What causes height disorder?
1958,What causes hematuria in urine?
1959,What causes high fever in kids?
1960,What causes hirsutism in females?
1961,What causes HIV & Aid?
1962,What causes hives or urticaria?
1963,What causes horrible smelling breath?
1964,What causes impulsive Behaviour?
1965,What causes in seizures?
1966,What causes inability to walk in elderly?
1967,What causes increased sensitivity to touch?
1968,What causes infestation?
1969,What causes irritable mood?
1970,What causes itchiness at night?
1971,What causes itchiness of?
1972,What causes itchy bottom at night?
1973,What causes joint grinding?
1974,What causes joint stiffness?
1975,What causes lack of concentration?
1976,What causes lack of skin color?
1977,What causes lichen planus to flare up?
1978,What causes low blood pressure hypotension?
1979,What causes low blood sugar without diabetes?
1980,What causes low fertility rates?
1981,What causes lump?
1982,What causes lumps and swelling?
1983,What causes lumps to form?
1984,What causes male low sperm count?
1985,What causes moles to suddenly appear?
1986,What causes mood instability?
1987,What causes muscle body pain?
1988,What causes my anger issues?
1989,What causes nausea and vomiting in adults?
1990,What causes nipple discharge if not pregnant?
1991,What causes nose bleeds for no reason?
1992,What causes OCD in a person?
1993,What causes oedema?
1994,What causes of asthma?
1995,What causes of Viginal bleeding?
1996,What causes Paget\'s disease of bone?
1997,What causes pain and swelling in multiple joints?
1998,What causes pain in arms and legs?
1999,What causes pain in foot without injury?
2000,What causes pain in your hands?
2001,What causes pain on the limbs?
2002,What causes pain similar to growing pains?
2003,What causes peeling skin?
2004,What causes phlegm in the throat?
2005,What causes polyps in nose?
2006,What causes poor coordination?
2007,What causes poor sleeping?
2008,What causes redness?
2009,What causes reduced fertility?
2010,What causes reduced fetal movement?
2011,What causes reduced sensation?
2012,What causes reduced vision?
2013,What causes restless body syndrome?
2014,What causes Rh disease?
2015,What causes scaly skin?
2016,What causes shivering when not cold?
2017,What causes skin discoloration?
2018,What causes skin rash in children?
2019,What causes skin to darken?
2020,What causes slapped cheek syndrome?
2021,What causes slow urine flow?
2022,What causes so much acne?
2023,What causes so much acne?
2024,What causes social awkwardness?
2025,What causes solar keratosis?
2026,What causes sore throat but no fever?
2027,What causes sudden change of mood?
2028,What causes sudden chills and shaking without fever?
2029,What causes sudden inflammation of the joints?
2030,What causes swollen glands in neck?
2031,What causes the blister?
2032,What causes thinning of the bones?
2033,What causes trigeminal neuralgia?
2034,What causes tummy to ache?
2035,What causes typhoid fever?
2036,What causes ulceration of a wound?
2037,What causes ulcers in stomach and duodenum?
2038,What causes upper eyelid irritation?
2039,What causes UTIs in adults?
2040,What causes venous thrombosis?
2041,What causes versicolor pityriasis?
2042,What causes warts and verrucas?
2043,What causes watery running nose?
2044,What causes whitlow on the finger?
2045,What causes you to get ringworm?
2046,What color is postmenopausal bleeding?
2047,What color is urine when your kidneys are failing?
2048,What condition causes a reduced sense of touch?
2049,What conditions cause bulging eyes?
2050,What costochondritis feels like?
2051,What could be cause knee pain without injury?
2052,What counts as a minor head injury?
2053,What cream is best for a sore bottom?
2054,What deficiency causes blepharitis?
2055,What deficiency causes broken bones?
2056,What deficiency causes cold hands and feet?
2057,What deficiency causes dry skin?
2058,What deficiency causes hirsutism?
2059,What deficiency causes lip cracks?
2060,What deficiency causes muscle stiffness?
2061,What deficiency causes tingling in hands and feet?
2062,What deficiency causes white patches on the skin?
2063,What defines being obese?
2064,What disease causes eyeballs to bulge?
2065,What disease causes flaky skin?
2066,What disease causes short height?
2067,What disease eats away at your muscles?
2068,What disease show up in your nails?
2069,What diseases can cause hoarseness?
2070,What diseases cause cold fingers?
2071,What diseases cause skin color changes?
2072,What disorder causes a wasting of muscle fibers?
2073,What do behcets sores look like?
2074,What do bulging eyes indicate?
2075,What do cancerous lumps feel like?
2076,What do erythema nodosum look like?
2077,What do flashbacks mean?
2078,What do flashes mean?
2079,What do I do if I have diarrhea and vomiting?
2080,What do I flashes look like?
2081,What do intrusive thoughts mean?
2082,What do lesions on skin look like?
2083,What do Leukaemia bruises look like?
2084,What do nights sweats indicate?
2085,What do soft tissue sarcomas look like?
2086,What do swelling means?
2087,What do swollen glands indicate?
2088,What do tapeworms do to humans?
2089,What do the cancerous moles look like?
2090,What do u do for a concussion?
2091,What do vulvar cancers look like?
2092,What do worms look like in your poop?
2093,What do you do after a minor head injury?
2094,What do you do for a fast heartbeat?
2095,What do you do for a shortness of breath?
2096,What do you do for roseola?
2097,What do you do if you have poor concentration?
2098,What do you do when your stomach is swollen?
2099,What do you mean by blistering?
2100,What do you mean by burning?
2101,What do you see during sleep paralysis?
2102,What does a cancerous breast lump feel like?
2103,What does a cholesteatoma look like?
2104,What does a diabetic eye test consist of?
2105,What does a dislocated knee cap feel like?
2106,What does a fast heartbeat indicate?
2107,What does a flare up of interstitial cystitis feel like?
2108,What does a flat head mean in adults?
2109,What does a heart attack start like?
2110,What does a hurting tongue mean?
2111,What does a indigestion feel like?
2112,What does a loss of sensation mean?
2113,What does a low sex drive feel like?
2114,What does a lump meaning?
2115,What does a mini heart attack feel?
2116,What does a narcoleptic episode feel like?
2117,What does a person look like with Addison\'s disease?
2118,What does a salivary gland stone feel like?
2119,What does a schizophrenic person do?
2120,What does a strained hamstring muscle feel like?
2121,What does a ulcer look like?
2122,What does a UTI look like in children?
2123,What does a verruca wart look like?
2124,What does a viral rash look like on a child?
2125,What does a vulvodynia flare up feel like?
2126,What does a white pupil mean?
2127,What does acanthosis nigricans look like?
2128,What does an abscess look like?
2129,What does an allergic rash look like?
2130,What does an ectopic heartbeat feel like?
2131,What does an emotional flashback feel like?
2132,What does an IIH headache feel like?
2133,What does Bartholin cyst look like?
2134,What does be agitated mean?
2135,What does become limp mean?
2136,What does being a type 1 diabetic mean?
2137,What does blepharitis look like?
2138,What does bloating feeling like?
2139,What does blood in the urine indicate?
2140,What does body image issues mean?
2141,What does bright red rectal bleeding indicate?
2142,What does bromhidrosis smell like?
2143,What does cerebral palsy do to a person?
2144,What does change shape mean?
2145,What does CJD do to humans?
2146,What does CMT disease look like?
2147,What does CMT pain feel like?
2148,What does coccydynia pain feel like?
2149,What does coping by avoidance mean?
2150,What does cyanosis of lips mean?
2151,What does delayed puberty mean?
2152,What does discoloration mean?
2153,What does dry skin looks like?
2154,What does Dupuytren\'s contracture indicate?
2155,What does ear noise sound like?
2156,What does Ebola disease do?
2157,What does emotionally detached mean in a relationship?
2158,What does febrile seizure look like?
2159,What does feeling tingling mean?
2160,What does genital herpes virus look like?
2161,What does halitosis breath smell like?
2162,What does having tremors mean?
2163,What does heartburn feel like?
2164,What does hip synovitis feel like?
2165,What does hyperacusis feel like?
2166,What does hypermobility pain feel like?
2167,What does impetigo look like?
2168,What does incontinence mean?
2169,What does infection mean?
2170,What does infertility mean?
2171,What does it mean if I passed out?
2172,What does it mean if one eye keeps watering?
2173,What does it mean if you cry a lot?
2174,What does it mean if you have abnormal heart rhythm?
2175,What does it mean if you have flat feet?
2176,What does it mean if you sneeze?
2177,What does it mean if your urine is dark?
2178,What does it mean if your urine leaks?
2179,What does it mean to have an infestation?
2180,What does it mean when a patient is put on palliative care?
2181,What does it mean when one eye is red?
2182,What does it mean when sex is painful?
2183,What does it mean when you are sensitive to touch?
2184,What does it mean when you are unable to?
2185,What does it mean when you drowsy?
2186,What does it mean when you hallucinations?
2187,What does it mean when you have diarrhea and vomiting at the same time?
2188,What does it mean when you have phlegm?
2189,What does it mean when you pee a lot more?
2190,What does it mean when you regurgitate?
2191,What does it mean when you smell something that isn\'t there?
2192,What does it mean when you squint?
2193,What does it mean when you worry to much?
2194,What does it mean when your bleeding but not on your period?
2195,What does it mean when your bottom is sore?
2196,What does it mean when your eye sees double?
2197,What does it mean when your lips are tender?
2198,What does it mean when your neck hurts and feels stiff?
2199,What does itching indicate?
2200,What does laryngeal cancer feel like?
2201,What does lupus do to a person?
2202,What does malaria do to humans?
2203,What does male thrush look like?
2204,What does mean by weakness?
2205,What does melanoma skin cancer look like?
2206,What does metatarsalgia feel like?
2207,What does mixing with other people mean in PIP?
2208,What does monkeypox rash look like?
2209,What does muscular pain feel like?
2210,What does oral mucositis look like?
2211,What does pain in jaw indicate?
2212,What does Parkinson do to a person?
2213,What does pelvic pain feel like?
2214,What does period pain feel like?
2215,What does Phaeochromocytoma mean?
2216,What does poisoning do to the body?
2217,What does polymorphic light eruption look like?
2218,What does poor coordination look like?
2219,What does poor coordination mean?
2220,What does poor self-image mean?
2221,What does post menopausal spotting look like?
2222,What does priapism pain feel like?
2223,What does psoriatic arthritis pain feel like?
2224,What does PTSD do to a person?
2225,What does Q fever stand for?
2226,What does reduce fertility mean?
2227,What does reduced dexterity mean?
2228,What does reduced movement mean?
2229,What does reduced vision mean?
2230,What does rheumatic fever rash look like?
2231,What does RSI pain feel like?
2232,What does rubella do to a person?
2233,What does scaly skin mean?
2234,What does slapped cheek look like?
2235,What does slow peeing mean?
2236,What does solar keratosis look like?
2237,What does spina bifida do to a person?
2238,What does spot mean slang?
2239,What does tapeworm look like in poop?
2240,What does Tay-Sachs disease cause?
2242,What does the first signs of shingles look like?
2243,What does the measles look like?
2244,What does the pain feel like with a kidney infection?
2245,What does tonsillitis feel like?
2246,What does toxocariasis do to the body?
2247,What does trigeminal neuralgia pain feel like?
2248,What does typhus do to a person?
2249,What does ulcers pain feel like?
2250,What does undefined mean in JS?
2251,What does vaginal thrush look like?
2252,What does vascular eczema look like?
2253,What does very confused mean?
2254,What does von Willebrand disease do?
2255,What does watering eyes indicate?
2256,What drink helps dry skin?
2257,What exactly happens in epilepsy?
2258,What exactly happens in tennis elbow?
2259,What fever is normal for kids?
2260,What food causes gout?
2261,What foods are bad for high cholesterol?
2262,What foods cause acne?
2263,What foods causes ulcer?
2264,What foods to avoid if you have rosacea?
2265,What foods trigger bullous pemphigoid?
2266,What foods trigger celiac disease?
2267,What foods typically cause listeria?
2268,What gets rid of athlete\'s foot fast?
2269,What gets rid of blepharitis?
2270,What gets rid of nausea fast?
2271,What gets rid of thrush in men?
2272,What happens after a TIA?
2273,What happens at the end of burning?
2274,What happens during embolism?
2275,What happens during fainting?
2276,What happens if a concussion goes untreated?
2277,What happens if a ganglion cyst is left untreated?
2278,What happens if achalasia goes untreated?
2279,What happens if cradle cap is left untreated?
2280,What happens if Dupuytren\'s contracture is left untreated?
2281,What happens if endometriosis is left untreated?
2282,What happens if gangrene is left untreated?
2283,What happens if gestational diabetes is controlled?
2284,What happens if hypoparathyroidism is left untreated?
2285,What happens if I eat a lot and exercise?
2286,What happens if IIH is left untreated?
2287,What happens if lichen sclerosus is left untreated?
2288,What happens if listeria is left untreated?
2289,What happens if nasal polyps go untreated?
2290,What happens if osteoarthritis is left untreated?
2291,What happens if otitis media is not treated?
2292,What happens if prolapse is left untreated?
2293,What happens if Raynaud\'s goes untreated?
2294,What happens if subdural haematoma is left untreated?
2295,What happens if tendonitis goes untreated?
2296,What happens if tennis elbow is left untreated?
2297,What happens if tongue-tie is not fixed?
2298,What happens if trigeminal neuralgia is not treated?
2299,What happens if urinary incontinence is left untreated?
2300,What happens if you get glaucoma?
2301,What happens if you get uterus cancer?
2302,What happens if you have a flat head?
2303,What happens if you have acute pancreatitis?
2304,What happens if you have Marfan syndrome?
2305,What happens if you have neurofibromatosis type 1?
2306,What happens if you have polycythemia?
2307,What happens if you have Q fever?
2308,What happens if you hit your head extremely hard?
2309,What happens if you leave a Baker\'s cyst untreated?
2310,What happens if you leave toenail fungus untreated?
2311,What happens if your retina gets detached?
2312,What happens if your sperm count is low?
2313,What happens in inflammatory bowel disease?
2314,What happens in Reye\'s syndrome?
2315,What happens in the end of Whiplash?
2316,What happens in the final stages of bile duct cancer?
2317,What happens right before a TIA?
2318,What happens to a person during menopause?
2319,What happens to a person with Huntington\'s disease?
2320,What happens to the body during septic shock?
2321,What happens to your body when you are malnourished?
2322,What happens to your body when you have ulcerative colitis?
2323,What happens when an animal bites you?
2324,What happens when blood gets clot?
2325,What happens when fertility is low?
2326,What happens when the brain stem dies?
2327,What happens when you are a type 2 diabetic?
2328,What happens when you binge eat?
2329,What happens when you choke?
2330,What happens when you diet too much?
2331,What happens when you get asbestosis?
2332,What happens when you go in for reduced movements?
2333,What happens when you have amyloidosis?
2334,What happens when you have diabetic ketoacidosis?
2335,What happens when you have heart failure?
2336,What happens when you have hydronephrosis?
2337,What happens when you have MS?
2338,What happens when you have Tourette\'s syndrome?
2339,What happens when you overeat?
2340,What happens when your blood sugar is too high?
2341,What happens when your body is dehydrated?
2342,What happens when your bones thin?
2343,What happens when your cholesterol is high?
2344,What health problems cause excessive sweating?
2345,What healthy discharge looks like?
2346,What heart rate is dangerously fast?
2347,What helps adults with anxiety?
2348,What helps heal a sunburn?
2349,What helps relieve limb pain?
2350,What helps restless leg syndrome fast?
2351,What helps tinnitus go away?
2352,What helps with vulvodynia pain?
2353,What hoarding means?
2354,What hormones do pheochromocytomas produce?
2355,What illness makes your lips blue?
2356,What illnesses cause weight gain?
2357,What insect bites sting?
2358,What is a 2 spot?
2359,What is a better word for worry?
2360,What is a bipolar person like?
2361,What is a BPD person like?
2362,What is a change in shape or size called?
2363,What is a common cause of constipation?
2364,What is a dropped face?
2365,What is a fall?
2366,What is a flashback vs memory?
2367,What is a glaucoma caused by?
2368,What is a human weakness?
2369,What is a incontinent person?
2370,What is a limb pain?
2371,What is a low fertility country?
2372,What is a low fertility rate?
2373,What is a man\'s menopause called?
2374,What is a mucositis?
2375,What is a nausea a symptom of?
2376,What is a pain?
2377,What is a papilloma on the eyelid?
2378,What is a person with no skin pigment called?
2379,What is a rare birthmark?
2380,What is a schizophrenic person like?
2381,What is a stopped period?
2382,What is a wind explain?
2383,What is abnormal nail?
2384,What is abnormal vaginal bleeding?
2385,What is acute kidney injury AKI?
2386,What is acute lymphoblastic leukaemia?
2387,What is Addison\'s disease life expectancy?
2388,What is agitated behavior?
2389,What is an abnormal height?
2390,What is an avoidance behavior?
2391,What is an example of a blister?
2392,What is an example of a delusion?
2393,What is an example of a dissociative disorder?
2394,What is an example of a nodule?
2395,What is an example of agitation?
2396,What is an example of an infection?
2397,What is an example of ataxia?
2398,What is an example of avoidance?
2399,What is an example of change in shape?
2400,What is an example of hoarding?
2401,What is an example of poor self-image?
2402,What is an example of regurgitation?
2403,What is an example of schistosomiasis?
2404,What is an OCD person like?
2405,What is an personality disorder?
2406,What is another term of confused?
2407,What is another word for immobility?
2408,What is another word for infestation?
2409,What is aortic stenosis and how is it treated?
2410,What is ASD on the spectrum?
2411,What is atypical sexual development?
2412,What is avoidance in ADHD?
2413,What is best medicine for allergic rhinitis?
2414,What is best treatment for osteoarthritis?
2415,What is blood explain blood?
2416,What is bowel incontinence a symptom of?
2417,What is bronchiolitis vs bronchitis?
2418,What is burns and scalds in first aid?
2419,What is called the change of the size of an image?
2420,What is carbuncle caused by?
2421,What is causing my loss of memory?
2422,What is causing nappy rash?
2423,What is causing shivering?
2424,What is cerebral palsy life expectancy?
2425,What is change in size and shape?
2426,What is cold fingers and toes a symptom of?
2427,What is cold sensitivity a symptom of?
2428,What is considered a compulsive behavior?
2429,What is considered a fever?
2430,What is considered an early puberty?
2431,What is considered as overeating?
2432,What is COPD life expectancy?
2433,What is cystic fibrosis caused by?
2434,What is dangerously low blood pressure?
2435,What is DCD dyspraxia?
2436,What is delusional behavior?
2437,What is diabetes insipidus and its symptoms?
2438,What is difference between AIDS and HIV?
2439,What is difference between Cushing disease and Cushing syndrome?
2440,What is difference between dementia and Alzheimer\'s?
2441,What is difference between gastric ulcer and duodenal ulcer?
2442,What is difference between tremor and shaking?
2443,What is difference between type 1 and type 2 diabetes?
2444,What is discharge and why do I have it?
2445,What is discoloration in medical term?
2446,What is distorted self-image?
2447,What is dizziness lightheadedness a symptom of?
2448,What is dysarthria speech disorder?
2449,What is dystonia life expectancy?
2450,What is earache caused by?
2451,What is ectropion surgery?
2452,What is empyema caused by?
2453,What is epidermolysis bullosa life expectancy?
2454,What is esophageal atresia and fistula?
2455,What is excess hair?
2456,What is gastritis caused by?
2457,What is girl\'s monthly problem?
2458,What is glandular fever caused by?
2459,What is good for bromhidrosis?
2460,What is grazes in first aid?
2461,What is grinding joint?
2462,What is ground discoloration?
2463,What is haemophilia?
2464,What is Haemophilus influenzae type b infection?
2465,What is hayfever caused by?
2466,What is hepatitis B caused by?
2467,What is herpes simplex eye infection?
2468,What is hunger caused by?
2469,What is hunger explain?
2470,What is impulsive Behaviour in ADHD?
2471,What is impulsive Behaviour?
2472,What is incontinent care?
2473,What is incontinent English?
2474,What is instability in a relationship?
2475,What is it called when someone passed out?
2476,What is it called when you are immobile?
2477,What is it called when you confuse your senses?
2478,What is it called when you fluctuate between two genders?
2479,What is it called when you have excessive hair growth?
2480,What is it called when you have long limbs?
2481,What is it called when you identify as the opposite gender?
2482,What is it called when your arms are longer than your legs?
2483,What is it called when your bones are easy to break?
2484,What is it called when your face droops down?
2485,What is it called when your mood changes quickly?
2486,What is joint malformation?
2487,What is Kawasaki disease and how is it treated?
2488,What is leptospirosis caused by?
2489,What is lichen planus caused by?
2490,What is life expectancy for oral cancer?
2491,What is life expectancy of heart failure?
2492,What is life expectancy with bladder cancer?
2493,What is life expectancy with bowel cancer?
2494,What is life expectancy with CJD?
2495,What is life expectancy with sarcoidosis?
2496,What is life expectancy with ulcerative colitis?
2497,What is lipedema caused by?
2498,What is losing balance a symptom of?
2499,What is lump in the body?
2500,What is malformation disease?
2501,What is mastitis pain like?
2502,What is meaning of personality change?
2503,What is meant by coronary heart disease?
2504,What is Morton\'s neuroma caused by?
2505,What is mucus in throat?
2506,What is Munchausen syndrome now called?
2507,What is myasthenia gravis and how is it treated?
2508,What is myositis including polymyositis and dermatomyositis?
2509,What is neonatal herpes infection?
2510,What is neurofibromatosis type 1 NF1?
2511,What is neurofibromatosis type 2 NF2?
2512,What is neuromyelitis optica NMO?
2513,What is normal discharge?
2514,What is numbness a symptom of?
2515,What is obsessive thinking a symptom of?
2516,What is oedema vs edema?
2517,What is one of the first signs of liver disease?
2518,What is one symptom of Paget\'s disease?
2519,What is pemphigus vulgaris PV?
2520,What is pest infestation definition?
2521,What is pilonidal sinus caused by?
2522,What is PMR and how do you treat it?
2523,What is poor concentration?
2524,What is poor hand coordination?
2525,What is post partum psychosis like?
2526,What is Post-Traumatic Stress Disorder PTSD?
2527,What is PV skin disease?
2528,What is redness of the skin called?
2529,What is reduced manual dexterity?
2530,What is reduced sensation called?
2531,What is relationship stability?
2532,What is RSI repetitive strain injury?
2533,What is shortness of breath symptom of?
2534,What is sickle cell disease caused by?
2535,What is skin lesion?
2536,What is spina bifida life expectancy?
2537,What is stiffness example?
2538,What is stiffness in human body?
2539,What is stiffness in medical?
2540,What is struggling to move?
2541,What is subdural haematoma?
2542,What is sweats a symptom of?
2543,What is temperature explain?
2544,What is the #1 cause of pancreatic cancer?
2545,What is the atopic eczema?
2546,What is the average age for a woman to have breast cancer?
2547,What is the best antibiotic for septic arthritis?
2548,What is the best cream for an itchy bottom?
2549,What is the best cream for contact dermatitis?
2550,What is the best cream for fissures?
2551,What is the best cure for cellulitis?
2552,What is the best cure for hayfever?
2553,What is the best cure for typhoid?
2554,What is the best deodorant for bromhidrosis?
2555,What is the best medication for restless leg?
2556,What is the best medicine for lichen sclerosus?
2557,What is the best painkiller for vulvodynia?
2558,What is the best thing to do for a trigger finger?
2559,What is the best thing to do for croup?
2560,What is the best treatment for acanthosis nigricans?
2561,What is the best treatment for angioedema?
2562,What is the best treatment for bronchiolitis?
2563,What is the best treatment for bullous pemphigoid?
2564,What is the best treatment for diabetes in a pregnant woman?
2565,What is the best treatment for diabetic retinopathy?
2566,What is the best treatment for Dupuytren\'s contracture?
2567,What is the best treatment for dyshidrotic eczema?
2568,What is the best treatment for enlarged prostate?
2569,What is the best treatment for essential tremor?
2570,What is the best treatment for GORD?
2571,What is the best treatment for IIH?
2572,What is the best treatment for impetigo?
2574,What is the best treatment for mastoiditis?
2575,What is the best treatment for otitis externa?
2576,What is the best treatment for otitis media?
2577,What is the best treatment for pemphigus vulgaris?
2578,What is the best treatment for pleurisy?
2579,What is the best treatment for preeclampsia?
2580,What is the best treatment for uveitis?
2581,What is the best treatment for vestibular schwannoma?
2582,What is the best way to deal with anxiety?
2583,What is the best way to treat flatulence?
2584,What is the best way to treat gastroparesis?
2585,What is the best way to treat osteomyelitis?
2586,What is the blocking of an artery by a thrombus?
2587,What is the cause of ankyloglossia tie tongue?
2588,What is the cause of atrial fibrillation?
2589,What is the cause of glue ear?
2590,What is the cause of infantile colic?
2591,What is the cause of nail patella syndrome?
2592,What is the commonest predisposing factor for development of choriocarcinoma?
2593,What is the deadliest cancer in the world?
2594,What is the deficiency that causes colour blindness?
2595,What is the difference between a cold sore and herpes virus?
2596,What is the difference between a diabetic eye exam and a regular eye exam?
2597,What is the difference between a lump and swelling?
2598,What is the difference between a stroke and a TIA transient ischemic attack?
2599,What is the difference between a UTI and cystitis?
2600,What is the difference between abdominal pain and stomach pain?
2601,What is the difference between actinic and solar keratosis?
2602,What is the difference between ADPKD and ARPKD?
2603,What is the difference between an ocular migraine and a retinal migraine?
2604,What is the difference between arterial and venous thrombosis?
2605,What is the difference between arthritis and psoriatic arthritis?
2606,What is the difference between autism and ASD?
2607,What is the difference between bad breath and halitosis?
2608,What is the difference between birth and stillbirth?
2609,What is the difference between Bowen\'s disease and squamous cell carcinoma?
2610,What is the difference between brachycephaly and plagiocephaly?
2611,What is the difference between callus and corns?
2612,What is the difference between chilblains and Raynaud\'s?
2613,What is the difference between cleft lip & palate?
2614,What is the difference between diabetes mellitus and insipidus?
2615,What is the difference between diarrhea and Diarrhoea?
2616,What is the difference between diverticular disease and diverticulitis?
2617,What is the difference between eczema and atopic eczema?
2618,What is the difference between empyema and pneumonia?
2619,What is the difference between entropion and ectropion?
2620,What is the difference between esophageal atresia and tracheoesophageal fistula?
2621,What is the difference between gas and flatulence?
2622,What is the difference between gas and flatulence?
2623,What is the difference between GERD & GORD?
2624,What is the difference between heat exhaustion and heatstroke?
2625,What is the difference between hives and urticaria?
2626,What is the difference between human bite and animal bite?
2627,What is the difference between hyperthyroidism and overactive thyroid?
2628,What is the difference between hypoparathyroidism and hypothyroidism?
2629,What is the difference between incontinent and incontinence?
2630,What is the difference between joint hypermobility and joint hypermobility syndrome?
2631,What is the difference between lipedema and lipoedema?
2632,What is the difference between memory loss and amnesia?
2633,What is the difference between night terrors and nightmares?
2634,What is the difference between passing out and fainting?
2635,What is the difference between pink eye and conjunctivitis?
2636,What is the difference between postpartum and postnatal?
2637,What is the difference between rhinitis and allergic rhinitis?
2638,What is the difference between sickle cell disease and sickle cell anemia?
2639,What is the difference between social anxiety and social anxiety disorder?
2640,What is the difference between sprains and strains?
2641,What is the difference between tremor and essential tremor?
2642,What is the difference of osteomalacia and rickets?
2643,What is the disorder called when you binge eat?
2644,What is the earliest symptom in amyloidosis?
2645,What is the ending of Cold Skin?
2646,What is the fastest way to cure mouth ulcers?
2647,What is the fastest way to cure pleurisy?
2648,What is the fastest way to cure tonsillitis?
2649,What is the fastest way to get rid of a frozen shoulder?
2650,What is the fastest way to get rid of dyshidrotic eczema?
2651,What is the fastest way to get rid of molluscum contagiosum?
2652,What is the fastest way to get rid of threadworms?
2653,What is the fastest way to reduce inflammation in the joints?
2654,What is the fastest way to relieve back pain?
2655,What is the feeling of thirst?
2656,What is the first feature of nephrotic syndrome?
2657,What is the first thing to do for a pulmonary embolism?
2658,What is the full form of FITS?
2659,What is the full name of blood?
2660,What is the height cut off for a dwarf?
2661,What is the learning difficulty?
2662,What is the life expectancy for cystic fibrosis?
2663,What is the life expectancy for ovarian cancer?
2664,What is the life expectancy for pancreatic cancer?
2665,What is the life expectancy for polycystic kidney disease?
2666,What is the life expectancy for Rett syndrome?
2667,What is the life expectancy for von Willebrand disease?
2668,What is the life expectancy of a child with SMA type 2?
2669,What is the life expectancy of a man with prostate cancer?
2670,What is the life expectancy of a person with mesothelioma?
2671,What is the life expectancy of amyloidosis?
2672,What is the life expectancy of cancer of the oesophagus?
2673,What is the life expectancy of liver cancer?
2674,What is the life expectancy of lung cancer?
2675,What is the life expectancy of muscular dystrophy?
2676,What is the life expectancy of psoriatic arthritis?
2677,What is the life expectancy of someone with aortic stenosis?
2678,What is the life expectancy of someone with asbestosis?
2679,What is the life expectancy of someone with ataxia?
2680,What is the life expectancy of someone with bronchiectasis?
2681,What is the life expectancy of someone with Marfan?
2682,What is the life expectancy of someone with neurofibromatosis type 1?
2683,What is the life expectancy of someone with NF2?
2684,What is the life expectancy of someone with thalassemia?
2685,What is the life expectancy of someone with tuberous sclerosis?
2686,What is the life expectancy of Tay-Sachs disease?
2687,What is the life expectancy with bone cancer?
2688,What is the life expectancy with IPF?
2689,What is the life expectancy with myasthenia gravis?
2690,What is the main cause of acute pancreatitis?
2691,What is the main cause of allergies?
2692,What is the main cause of angioedema?
2693,What is the main cause of bedwetting?
2694,What is the main cause of bloating?
2695,What is the main cause of blood in urine?
2696,What is the main cause of bronchiectasis?
2697,What is the main cause of cervical cancer?
2698,What is the main cause of cystitis?
2699,What is the main cause of dry eyes?
2700,What is the main cause of encephalitis?
2701,What is the main cause of eye floaters?
2702,What is the main cause of gallstones?
2703,"What is the main cause of hand, foot, and mouth disease?"
2704,What is the main cause of headaches?
2705,What is the main cause of heartburn?
2706,What is the main cause of hiccups?
2707,What is the main cause of high cholesterol?
2708,What is the main cause of hypertension?
2709,What is the main cause of hypothyroidism?
2710,What is the main cause of indigestion?
2711,What is the main cause of ingrown hairs?
2712,What is the main cause of insomnia?
2713,What is the main cause of itching?
2714,What is the main cause of joint pain?
2715,What is the main cause of Kawasaki disease?
2716,What is the main cause of keratosis pilaris?
2717,What is the main cause of kidney stones?
2718,What is the main cause of lipoma?
2719,What is the main cause of malaria?
2720,What is the main cause of metabolic syndrome?
2721,What is the main cause of migraine?
2722,What is the main cause of motor neurone disease?
2723,What is the main cause of osteoarthritis?
2724,What is the main cause of otitis externa?
2725,What is the main cause of ovarian cancer?
2726,What is the main cause of piles?
2727,What is the main cause of pins and needles?
2728,What is the main cause of polycystic ovary syndrome?
2729,What is the main cause of pulmonary embolism?
2730,What is the main cause of Raynaud?
2731,What is the main cause of rheumatoid arthritis?
2732,What is the main cause of scarlet fever?
2733,What is the main cause of shin splints?
2734,What is the main cause of shoulder pain?
2735,What is the main cause of sinusitis?
2736,What is the main cause of Sjogren\'s syndrome?
2737,What is the main cause of sneezing?
2738,What is the main cause of snoring?
2739,What is the main cause of spina bifida?
2740,What is the main cause of staph infection?
2741,What is the main cause of stillbirth?
2742,What is the main cause of tingling?
2743,What is the main cause of tinnitus?
2744,What is the main cause of urticaria?
2745,What is the main cause of vertigo?
2746,What is the main caused of stroke?
2747,What is the main key to losing weight?
2748,What is the main reason for erectile dysfunction?
2749,What is the main trigger of IBS?
2750,What is the major cause of dry eye syndrome?
2751,What is the major cause of glomerulonephritis?
2752,What is the major cause of obesity?
2753,What is the major cause of psoriasis?
2754,What is the meaning of being irritable?
2755,What is the meaning of clinical depression?
2756,What is the meaning of ulceration?
2757,What is the medical term for a broken tooth?
2758,What is the medical term for decreased hearing?
2759,What is the medical term for difficulty walking?
2760,What is the most common anxiety disorder in adults?
2761,What is the most common benign brain tumor?
2762,What is the most common bone site of osteomyelitis?
2763,What is the most common brain tumour?
2764,What is the most common breast symptom?
2765,What is the most common cause of acute kidney injury?
2766,What is the most common cause of arterial embolism?
2767,What is the most common cause of carbon monoxide poisoning?
2768,What is the most common cause of cholesteatoma?
2769,What is the most common cause of death in ARDS?
2770,What is the most common cause of developmental delay?
2771,What is the most common cause of diabetic ketoacidosis?
2772,What is the most common cause of dysphagia?
2773,What is the most common cause of epiglottitis?
2774,What is the most common cause of flashes and floaters?
2775,What is the most common cause of heel pain?
2776,What is the most common cause of Hematemesis?
2777,What is the most common cause of hip pain in children?
2778,What is the most common cause of nephrotic syndrome in adults?
2779,What is the most common cause of otitis media?
2780,What is the most common cause of pelvic pain?
2781,What is the most common cause of rectal bleeding?
2782,What is the most common cause of septic shock?
2783,What is the most common cause of shortness of breath?
2784,What is the most common cause of thrombophilia?
2785,What is the most common cause of toxic shock syndrome?
2786,What is the most common cause of UTI in children?
2787,What is the most common cause of venous thrombosis?
2788,What is the most common complication of urethral catheterization?
2789,What is the most common developmental disorder?
2790,What is the most common disorder of sexual development?
2791,What is the most common dissociative disorder?
2792,What is the most common eye injury?
2793,What is the most common glomerulonephritis?
2794,What is the most common jellyfish sting?
2795,What is the most common kind of compulsive behavior?
2796,What is the most common liver disease?
2797,What is the most common organ to prolapse?
2798,What is the most common rash?
2799,What is the most common reason for aphasia?
2800,What is the most common reason for hearing loss?
2801,What is the most common reason for hematuria?
2802,What is the most common reason for knee pain?
2803,What is the most common site of compartment syndrome?
2804,What is the most common soft tissue sarcoma in adults?
2805,What is the most common symptom in a client with abdominal aortic aneurysm?
2806,What is the most common symptom of carcinoid syndrome?
2807,What is the most common symptom of laryngeal cancer?
2808,What is the most common treatment for atrial fibrillation?
2809,What is the most common treatment for cardiomyopathy?
2810,What is the most common treatment for cholecystitis?
2811,What is the most common treatment for peripheral neuropathy?
2812,What is the most common treatment for trigeminal neuralgia?
2813,What is the most common trigger for delirium?
2814,What is the nail patella syndrome?
2815,What is the number one cause of hip pain?
2816,What is the oldest person to live with Rett syndrome?
2817,What is the primary symptom of cyanosis?
2818,What is the quarantine period for hand-foot-and-mouth?
2819,What is the rarest form of dwarfism?
2820,What is the rarest synesthesia?
2821,What is the reason for mucus?
2822,What is the root cause of gender dysphoria?
2823,What is the root cause of hoarding?
2824,What is the sea creature that sting?
2825,What is the second most common cause of erythema multiforme?
2826,What is the survival rate for acoustic neuroma?
2827,What is the survival rate for acute lymphoblastic leukemia?
2828,What is the survival rate for kidney cancer?
2829,What is the survival rate for non-Hodgkin lymphoma?
2830,What is the survival rate for polycystic kidney disease?
2831,What is the survival rate for pulmonary hypertension?
2832,What is the survival rate for scleroderma?
2833,What is the survival rate of a pulmonary embolism?
2834,What is the survival rate of a subarachnoid hemorrhage?
2835,What is the survival rate of endocarditis?
2836,What is the survival rate of eye cancer?
2837,What is the survival rate of gallbladder cancer?
2838,What is the survival rate of hydrocephalus?
2839,What is the survival rate of Kawasaki disease?
2840,What is the survival rate of melanoma skin cancer?
2841,What is the survival rate of neuroblastoma?
2842,What is the survival rate of PAD?
2843,What is the survival rate of retinoblastoma?
2844,What is the survival rate of sinus cancer?
2845,What is the survival rate of soft tissue sarcoma?
2846,What is the survival rate of stomach cancer?
2847,What is the survival rate of thyroid cancer?
2848,What is the survival rate of womb cancer?
2849,What is the symptoms of acne?
2850,What is the symptoms of cerebral palsy?
2851,What is the symptoms of epiglottitis?
2852,What is the symptoms of shivering?
2853,What is the synonym of spot?
2854,What is the synonym to Pale?
2855,What is the treatment for an arterial thrombus?
2856,What is the treatment for cervical rib?
2857,What is the treatment for glomerulonephritis?
2858,What is the treatment for lymphoedema?
2859,What is the treatment for pyoderma gangrenosum?
2860,What is the treatment of hoarseness?
2861,What is the word for bad smell?
2862,What is thickened skin called?
2863,What is tiredness symptom of?
2864,What is toxoplasmosis symptoms in humans?
2865,What is Tracheo esophageal atresia?
2866,What is Tracheo esophageal fistula?
2867,What is type 1 diabetes caused by?
2868,What is typhus caused by?
2869,What is unstable interpersonal relationships?
2870,What is usually the first symptom of a brain tumor?
2871,What is varicose eczema?
2872,What is vitiligo caused by?
2873,What is vomiting symptom of?
2874,What is weak erection?
2875,What is Weil\'s disease leptospirosis?
2876,What is white pupil called?
2877,What is wound ulceration?
2878,What is yellow fever caused by?
2879,What is your body lacking when you have leg cramps?
2880,What is your body lacking when you have restless legs?
2881,What jet lag means?
2882,What kill scabies instantly?
2883,What kind of change in bowel habits indicate cancer?
2884,What kind of cough comes with Covid?
2885,What kind of illnesses cause hair loss?
2886,What kind of lump should I worry about in my breast?
2887,What kind of lumps are normal in breasts?
2888,What liver diseases are caused by alcohol?
2889,What low mood means?
2890,What makes someone dyslexic?
2891,What makes you gain weight quickly?
2892,What means poor appetite?
2893,What means redness?
2894,What means unspecified?
2895,What medical condition causes droopy eyelids?
2896,What medications should be avoided with Gilbert\'s syndrome?
2897,What mental disorder is anger?
2898,What mental illness causes crying?
2899,What mental illness causes hallucinations and hearing voices?
2900,What mental illness causes hoarding?
2901,What mental illness causes obsessive thoughts?
2902,What mental illness has night terrors?
2903,What might a weak pulse indicate?
2904,What might cause a person to have a poor self-image?
2905,What monkeypox feels like?
2906,What mood changes mean?
2907,What motion sickness feels like?
2908,What muscle gets injured in a hamstring strain?
2909,What muscle stiffness feels like?
2910,What muscles cause foot drop?
2911,What percentage of 70 year olds have cataracts?
2912,What poop looks like when you have worms?
2913,What qualifies as anorexia nervosa?
2914,What qualifies someone as bulimic?
2915,What rashes are common in babies?
2916,What reduces fertility in a woman?
2917,What relieves nausea feeling?
2918,What rheumatoid arthritis pain feels like?
2919,What shin splints feels like?
2920,What should I do for common cold?
2921,What should I do if I feel dizzy and lightheaded?
2922,What should I do if Im feeling short of breath?
2923,What should I do if my BP is 140 90?
2924,What should we do when BP is high?
2925,What should you do if you are vomiting?
2926,What should you do if your urine is dark?
2927,What social anxiety feels like?
2928,What stings from jellyfish?
2929,What suddenly causes double vision?
2930,What symptoms can vasculitis cause?
2931,What temperature is too hot for humans?
2932,What to do if hurts to pee?
2933,What to do if your neck hurts and is stiff?
2934,What to do when you are feeling drowsy?
2935,What to do when you feel too warm?
2936,What to take for grinding joints?
2937,What triggers a retinal migraine?
2938,What triggers acute cholecystitis?
2939,What triggers anxiety?
2940,What triggers Bartholin cyst?
2941,What triggers BDD?
2942,What triggers brain aneurysm?
2943,What triggers carcinoid syndrome?
2944,What triggers cold sore virus?
2945,What triggers compulsive behavior?
2946,What triggers discoid eczema?
2947,What triggers herpes genital?
2948,What triggers hidradenitis suppurativa?
2949,What triggers hyperacusis?
2950,What triggers laryngitis?
2951,What triggers motion sickness?
2952,What triggers night terrors?
2953,What triggers NMO?
2954,What triggers pericarditis?
2955,What triggers polymyalgia rheumatica?
2956,What triggers thirst?
2957,What Twitches mean?
2958,What type of cancers cause weight loss?
2959,What type of disease is toxocariasis?
2960,What type of mental illness is BPD?
2961,What type of nipple discharge is suspicious for cancer?
2962,What type of personality disorder is antisocial?
2963,What usually causes cellulitis?
2964,What usually causes swelling?
2965,What vaginal discharge is normal?
2966,What verb is the word can?
2967,What vitamin is good for joint pain?
2968,What was your first signs of bowel cancer?
2969,What were your first symptoms of scleroderma?
2970,What were your first symptoms of Sjogren\'s?
2971,What wheezing means?
2972,What will happen if athlete\'s foot is left untreated?
2973,What would be an example of anorexia nervosa?
2974,What you mean by poisoning?
2975,What\'s difference between Type 1 and 2 diabetes?
2976,What\'s the cause of hiccups?
2977,What\'s the difference between a UTI and kidney infection?
2978,What\'s the difference between arthritis and reactive arthritis?
2979,What\'s the difference between dizziness and lightheadedness?
2980,What\'s the difference between glandular fever and mono?
2981,What\'s the difference between non Hodgkins and Hodgkins lymphoma?
2982,What\'s the difference between palliative care and end-of-life care?
2983,What\'s the difference between polymyositis and dermatomyositis?
2984,What\'s the difference between RSV and croup?
2985,What\'s the difference between throw up and vomiting?
2986,What\'s the difference between wind and wind?
2987,What\'s the most serious eating disorder?
2988,Whats cramps meaning?
2989,Whats the meaning of being pale?
2990,When a stiff neck is serious?
2991,When do ectopic pregnancy symptoms start?
2992,When does epidermolysis bullosa start?
2993,When is vomiting serious in adults?
2994,When should I be concerned about change in bowel habits?
2995,When should I be concerned about jaw pain?
2996,When should I be concerned about leg cramps?
2997,When should I be concerned about muscle spasms?
2998,When should I be concerned about nausea and vomiting?
2999,When should I be concerned about nausea?
3000,When should I be concerned about phantom smells?
3001,When should I be concerned about sweating?
3002,When should I be concerned about vomiting and diarrhea?
3003,When should I be worried about a headache?
3004,When should I be worried about a skin tag?
3005,When should I be worried about a watery eye?
3006,When should I be worried about abdominal swelling?
3007,When should I be worried about itching?
3008,When should I be worried about muscle pain?
3009,When should I be worried about numbness?
3010,When should I be worried about palpitations?
3011,When should I be worried about pins and needles?
3012,When should I be worried about swollen glands?
3013,When should I go to the doctor for a chest infection?
3014,When should I worry about a fast heart rate?
3015,When should I worry about a stiff neck?
3016,When should I worry about baby reflux?
3017,When should I worry about bleeding between periods?
3018,When should I worry about blood in urine?
3019,When should I worry about bowed legs?
3020,When should I worry about dizziness and lightheadedness?
3021,When should I worry about ear pressure?
3022,When should I worry about ectopic heartbeats?
3023,When should I worry about eye floaters?
3024,When should I worry about flashers and floaters?
3025,When should I worry about hematospermia?
3026,When should I worry about joint pain?
3027,When should I worry about menopause bleeding?
3028,When should I worry about my period?
3029,When should I worry about my swollen ankles?
3030,When should I worry about rash on baby?
3031,When should I worry about skin discoloration?
3032,When should I worry about unintentional weightloss?
3033,When should you be worried about a hoarse voice?
3034,When should you go to the ER for priapism?
3035,When should you worry about a child\'s fever?
3036,When should you worry about a nosebleed?
3037,When should you worry about blurry vision?
3038,When should you worry about decreased fetal movement?
3039,When should you worry about dizziness?
3040,When should you worry about pelvic pain?
3041,When should you worry about rectal bleeding?
3042,When should you worry about tingling?
3043,Where are Pseudomonas found in the body?
3044,Where are the 2022 Rolling Stones playing?
3045,Where can u watch Twitches?
3046,Where did the Ebola disease start?
3047,Where do you get vasculitis?
3048,Where does monkeypox rash start?
3049,Where is a brain abscess located?
3050,Where is limp in the body?
3051,Where is schistosomiasis most common?
3052,Where the grinding joint is found in the body?
3053,Which antibiotic is used for otitis externa?
3054,Which are signs of mastitis?
3055,Which are warning signs of head and neck cancer?
3056,Which deficiency disease causes weakness of muscles?
3057,Which head and neck cancer is most common?
3058,Which head injury is most serious?
3059,Which is one of the first symptoms of tetanus?
3060,Which is worse diverticular disease or diverticulitis?
3061,Which is worse sprain or strain?
3062,Which martial art has joint locks?
3063,Which signs and symptoms are most suggestive of acute cholecystitis?
3064,Which symptoms are warning signs of a subarachnoid hemorrhage?
3065,Which treatment is best for achalasia?
3066,Which type of liver disease is most common in alcoholics?
3067,Which woman is at greatest risk for postpartum psychosis?
3068,Who actually drummed in Whiplash?
3069,Who is at high risk for nasopharyngeal cancer?
3070,Who is at risk for molar pregnancy?
3071,Who is at risk for rhesus disease?
3072,Who is at risk for thrombophilia?
3073,Who is most at risk for mesothelioma?
3074,Who is most likely to get bone cancer?
3075,Who is most likely to get breast cancer?
3076,Who is most likely to get Parkinson\'s disease?
3077,Who is the best treatment for tennis elbow?
3078,Who were the 5 original Rolling Stones?
3079,Why am I always tired and have no energy?
3080,Why am I bleeding after my period ended 3 days ago?
3081,Why am I feeling full so fast?
3082,Why am I having bleeding between periods?
3083,Why am I having pain in my chest?
3084,Why am I having pain in my chest?
3085,Why am I suddenly getting chilblains?
3086,Why am I suddenly losing so much hair?
3087,Why am I suddenly stumbling over my words?
3088,Why am I sweating at night while sleeping?
3089,Why are Bloods red?
3090,Why are my gums swollen in one spot?
3091,Why are my lips suddenly sore and dry?
3092,Why are night sweats a red flag?
3093,Why are nightmares so scary?
3094,Why are some parts of my body sensitive to touch?
3095,Why can humans get rabies?
3096,Why can I hear noise in my ear?
3097,Why did I cough up phlegm with blood in it?
3098,Why do I cry so easily now?
3099,Why do I feel full after only eating a little bit of food?
3100,Why do I feel hot but no fever?
3101,Why do I get a sour taste in my mouth?
3102,Why do I get motion sick so easily?
3103,Why do I have a sore throat?
3104,Why do I have the urge to move around?
3105,Why do I pee slowly sometimes?
3106,Why do I smell things that no one else smells?
3107,Why do I struggle having sex?
3108,Why do I suddenly have sensitivity to light?
3109,Why do kids limp without pain?
3110,Why do people fall?
3111,Why do people have Munchausen\'s?
3112,Why do people overeat?
3113,Why do people suffer from post natal depression?
3114,Why do periods hurt so much on the first day?
3115,Why do they call it clinical depression?
3116,Why do they call it diabetes insipidus?
3117,Why does dexterity decrease with age?
3118,Why does it hurt when I pee but I don\'t have a UTI?
3119,Why does my body twitch randomly?
3120,Why does my breast hurt when I press it?
3121,Why does my child keep getting growing pains?
3122,Why does my child keep getting leg pain?
3123,Why does my ear hurt on the inside?
3124,Why does my skin suddenly feel sensitive?
3125,Why does my stomach look pregnant?
3126,Why does the military not allow flat feet?
3127,Why has my sense of smell changed suddenly?
3128,Why have I been so sensitive to the cold lately?
3129,Why have my bowel habits suddenly changed?
3130,Why is bullous pemphigoid fatal?
3131,Why is costochondritis so painful?
3132,Why is it important to keep cuts and grazes clean?
3133,Why is my abdomen and stomach hurting?
3134,Why is my mood suddenly down?
3135,Why is my mouth so dry even if I drink water?
3136,Why is my period late if I\'m not pregnant?
3137,Why is my period so heavy and Clotty?
3138,Why is my period so painful?
3139,Why is my sex not working?
3140,Why is my stomach swollen and hard?
3141,Why is period pain so painful?
3142,Why is rubella called 3 days?
3143,Why is swine flu called H1N1?
3144,Why is Whiplash rated R?
3145,Why my hand is paining without any reason?
3146,Why septic arthritis is emergency?
3147,Why the blood is called?
3148,Why would a post menopausal woman bleed?
3149,Why would a woman bleed 10 years after menopause?
3150,Why would my glands be up in my neck?
3151,Why would my gums be swollen?
3152,Why would my sperm have blood in it?
3153,Will a Bartholin cyst go away?
3154,Will a slipped disc heal itself?
3155,Will a swollen gum go away?
3156,Will a toothache go away on its own?
3157,Will allergic rhinitis go away?
3158,Will an abscess go away on its own?
3159,Will an ingrown toenail go away on its own?
3160,Will balanitis go away by itself?
3161,Will CMT ever be cured?
3162,Will conjunctivitis go away on OWN?
3163,Will ingrown hairs go away on its own?
3164,Will mastitis go away on its own?
3165,Will pericarditis go away by itself?
3166,Will pleurisy just go away?
3167,Will pressure in ears go away?
3168,Will psoriasis go away?
3169,Will roundworms go away on their own in humans?
3170,Will scabies go away on its own?
3171,Will shingles go away if left untreated?
3172,Will tendonitis heal on its own?
3173,Will whooping cough go away by itself?
